Workbook

Sheet 표지
N4: 신용회복위원회 통합 AI 플랫폼 구축
A7: 요구사항정의서 - 기능·비기능(최종본)
N9: CCRS-REQ-02-01(요구사항정의서-기능, 비기능)
N10: 2026.08.20
N11: v.0.99
A19: ㈜제논

Sheet 재개정이력
A1: 제개정 이력
A3: 번호 | B3: 버전 | C3: 작성일 | D3: 변경내용 | I3: 작성자 | J3: 검토/승인자
A4: 1 | B4: v.0.5 | C4: 2026.05.12 | D4: 최초 작성 | I4: 권성식 | J4: -
A5: 2 | B5: v.0.6 | C5: 2026.05.13 | D5: 요구사항별 수행방안 작성 및 보완 | I5: 권성식 | J5: -
A6: 3 | B6: v.0.7 | C6: 2026.05.14 | D6: 요구사항정의서 서식 변경 | I6: 권성식 | J6: -
A7: 4 | B7: v.0.8 | C7: 2026.05.18 | D7: 요구사항정의서 취합, 내용 수정 및 보완 | I7: 권성식 | J7: -
A8: 5 | B8: v.0.9 | C8: 2026.07.21 | D8: 최종 검토 반영: 수행사 표기 및 담당 역할 정정, 최종본 확정 | I8: 김현근 | J8: 권성식
A9: 6 | B9: v.0.99 | C9: 2026.08.20 | D9: 위원회 검토 의견에 따른 수행사 의견 반영 | I9: 김현근 | J9: 권성식
A10: 7 | B10: v.0.999 | C10: 2026.08.24 | D10: 3차 위원회 검토 의견에 따른 수행사 의견 반영 | I10: 김현근 | J10: 권성식

Sheet 요구사항 요약
A1: 요구사항(기능, 비기능) 총괄 현황
M2: 46254
A3: 구분 | C3: 요구사항범위 | E3: 분석 | F3: 담당 수행사 | G3: 설계 | J3: 구현/테스트/전개/종료 | M3: 비고
C4: 제안요청서 | D4: 요구사항명 | E4: 요구사항수 | G4: 기본 | H4: 추가 | I4: 합계 | J4: 기본 | K4: 추가 | L4: 합계
A5: 기능 | B5: 기능 | C5: SFR-001 | D5: AI 통합 포털 기능 구현 | E5: =COUNTIF('기능'!E6:E451,"sfr-001*") -> 17 | F5: 제논
C6: SFR-002 | D6: 문서 파싱·청킹 및 전처리 기능 | E6: =COUNTIF('기능'!E7:E452,"sfr-002*") -> 28 | F6: 제논
C7: SFR-003 | D7: 지식화 파이프라인·분류·시점관리 및 벡터 인덱스 | E7: =COUNTIF('기능'!E8:E453,"sfr-003*") -> 37 | F7: 제논
C8: SFR-004 | D8: 검색 최적화 및 질의 처리 기능 | E8: =COUNTIF('기능'!E9:E454,"sfr-004*") -> 21 | F8: 제논
C9: SFR-005 | D9: 컨텍스트 구성 및 답변 신뢰성·출처 검증 기능 | E9: =COUNTIF('기능'!E10:E455,"sfr-005*") -> 13 | F9: 제논
C10: SFR-006 | D10: 표준 서식 템플릿 매핑 및 HWPX 변환 기능 | E10: =COUNTIF('기능'!E11:E456,"sfr-006*") -> 8 | F10: 제논
C11: SFR-007 | D11: 대화 관리 및 프롬프트 라이브러리 기능 | E11: =COUNTIF('기능'!E12:E457,"sfr-007*") -> 17 | F11: 제논
C12: SFR-008 | D12: 피드백 기반 품질 개선 및 골든셋 평가 기능 | E12: =COUNTIF('기능'!E13:E458,"sfr-008*") -> 19 | F12: 제논
C13: SFR-009 | D13: RAG 품질 및 성능 통합 모니터링 대시보드 | E13: =COUNTIF('기능'!E14:E459,"sfr-009*") -> 14 | F13: 제논
C14: SFR-010 | D14: Web 기반 UI 샌드박스 및 정책 변경관리 기능 | E14: =COUNTIF('기능'!E15:E460,"sfr-010*") -> 10 | F14: 제논
C15: SFR-011 | D15: 보안 가드레일·PII 관리 및 감사 로그 기능 | E15: =COUNTIF('기능'!E16:E461,"sfr-011*") -> 37 | F15: 제논
C16: SFR-012 | D16: 플랫폼 자원·LLM 모델 통합 관리 기능 | E16: =COUNTIF('기능'!E17:E462,"sfr-012*") -> 24 | F16: 제논
C17: SFR-013 | D17: AI 사전 구축 서비스(Agent) 통합 운영 기능 | E17: =COUNTIF('기능'!E18:E463,"sfr-013*") -> 16 | F17: 제논
C18: SFR-014 | D18: 콜센터 상담 어시스턴트 구축 | E18: =COUNTIF('기능'!E19:E464,"sfr-014*") -> 21 | F18: 위고
C19: SFR-015 | D19: Agent 상담지식 | E19: =COUNTIF('기능'!E20:E465,"sfr-015*") -> 9 | F19: 제논
C20: SFR-016 | D20: Agent 데이터길잡이 | E20: =COUNTIF('기능'!E21:E466,"sfr-016*") -> 15 | F20: 제논
C21: SFR-017 | D21: STT 데이터 기반 표준 상담 스크립트 개발 | E21: =COUNTIF('기능'!E22:E467,"sfr-017*") -> 10 | F21: 위고 PWC 제논 | M21: 실시간 추천은 SFR-014로 분리. STT 이력 분석→질문 단위 Q&A 스크립트 설계·검증·승인 체계로 정의
C22: SFR-018 | D22: Agent 문서작성 지원 | E22: =COUNTIF('기능'!E23:E468,"sfr-018*") -> 13 | F22: 제논
C23: SFR-019 | D23: Agent 민원처리 지원 | E23: =COUNTIF('기능'!E24:E469,"sfr-019*") -> 9 | F23: 제논
C24: SFR-020 | D24: Agent 업무담당자 검색 | E24: =COUNTIF('기능'!E25:E470,"sfr-020*") -> 8 | F24: 제논
C25: SFR-021 | D25: Agent 협약기관 검색 | E25: =COUNTIF('기능'!E26:E471,"sfr-021*") -> 7 | F25: 제논
C26: SFR-022 | D26: Agent 채권양수도 추론 | E26: =COUNTIF('기능'!E27:E472,"sfr-022*") -> 6 | F26: 제논
C27: SFR-023 | D27: Agent 사내규정 검색 | E27: =COUNTIF('기능'!E28:E473,"sfr-023*") -> 10 | F27: 제논 | M27: 사내규정 검색 + 국가법령정보 공동활용 OPEN API 8종(목록/본문) 연계, As-of-Date·원문 출처 표시
C28: SFR-024 | D28: 차기 변제금 납입 가능성 예측 모델 구축 | E28: =COUNTIF('기능'!E29:E474,"sfr-024*") -> 8 | F28: PWC/제논
C29: SFR-025 | D29: 최적 채무조정제도 진단 추천 모델 구축 | E29: =COUNTIF('기능'!E30:E475,"sfr-025*") -> 8 | F29: PWC/제논
C30: SFR-026 | D30: 소액대출 이용자 연체 예측 모델 구축 | E30: =COUNTIF('기능'!E31:E476,"sfr-026*") -> 8 | F30: PWC/제논
C31: SFR-027 | D31: 예측모델 관리 대시보드 | E31: =COUNTIF('기능'!E32:E477,"sfr-027*") -> 15 | F31: 제논
C32: SFR-028 | D32: 자동화 및 대응 | E32: =COUNTIF('기능'!E33:E478,"sfr-028*") -> 9 | F32: 제논
C33: SFR-029 | D33: 실험 및 신규 모델 개발 | E33: =COUNTIF('기능'!E34:E479,"sfr-029*") -> 16 | F33: 제논
C34: SFR-030 | D34: 시각화 및 실무연계, 노코드 기반 공통 운영 | E34: =COUNTIF('기능'!E34:E479,"sfr-030*") -> 8 | F34: 제논
C35: SFR-031 | E35: =COUNTIF('기능'!E34:E479,"sfr-031*") -> 1 | F35: 제논 | M35: 기술협상
C36: SFR-032 | E36: =COUNTIF('기능'!E34:E479,"sfr-032*") -> 1 | F36: 제논 | M36: 기술협상
C37: SFR-033 | E37: =COUNTIF('기능'!E34:E479,"sfr-033*") -> 1 | F37: 제논 | M37: 기술협상
C38: SFR-034 | E38: =COUNTIF('기능'!E34:E479,"sfr-034*") -> 1 | F38: 제논 | M38: 기술협상
C39: SFR-035 | E39: =COUNTIF('기능'!E35:E480,"sfr-035*") -> 1 | F39: 제논 | M39: 기술협상
A40: 기능합계 | E40: =SUM(E5:E39) -> 446 | G40: 0 | H40: 0 | I40: 0
A41: 비기능 | B41: 성능 | C41: PER-001 | D41: 성능 목표 수립 및 검수 기준 마련 | E41: =COUNTIF('성능'!E6:E45,"per-001*") -> 7 | F41: 제논
C42: PER-002 | D42: 웹 페이지 응답‧문서 변환‧검색 응답 성능 | E42: =COUNTIF('성능'!E7:E46,"per-002*") -> 6 | F42: 제논
C43: PER-003 | D43: AI 서비스 유형별 동시 접속 및 응답 성능 | E43: =COUNTIF('성능'!E8:E47,"per-003*") -> 12 | F43: 제논
C44: PER-004 | D44: RAG 응답 정확도‧환각률‧문서 분류 | E44: =COUNTIF('성능'!E9:E48,"per-004*") -> 7 | F44: 제논
C45: PER-005 | D45: RAG 이상 징후 탐지‧벡터 DB 복구(RTO) | E45: =COUNTIF('성능'!E9:E48,"per-005*") -> 5 | F45: 제논
C46: PER-006 | E46: =COUNTIF('성능'!E9:E48,"per-006*") -> 1 | F46: 제논 | M46: 기술협상
C47: PER-007 | E47: =COUNTIF('성능'!E9:E48,"per-007*") -> 1 | F47: 제논 | M47: 기술협상
C48: PER-008 | E48: =COUNTIF('성능'!E10:E49,"per-008*") -> 1 | F48: 제논 | M48: 기술협상
B49: 합계 | E49: =SUM(E41:E48) -> 40 | G49: 0 | H49: 0 | I49: 0
B50: 시스템 장비 | C50: ECR-001 | D50: 시스템 납품 및 계약 조건 | E50: =COUNTIF('시스템장비'!E6:E92,"ecr-001*") -> 10 | F50: 제논
C51: ECR-002 | D51: 논리 아키텍처 및 서비스 구성 | E51: =COUNTIF('시스템장비'!E7:E93,"ecr-002*") -> 6 | F51: 제논
C52: ECR-003 | D52: 인프라 및 HW 구성 | E52: =COUNTIF('시스템장비'!E8:E94,"ecr-003*") -> 8 | F52: 제논
C53: ECR-004 | D53: 운영 및 관리 체계 | E53: =COUNTIF('시스템장비'!E9:E95,"ecr-004*") -> 4 | F53: 제논
C54: ECR-005 | D54: 보안 및 성능 품질 | E54: =COUNTIF('시스템장비'!E10:E96,"ecr-005*") -> 3 | F54: 제논
C55: ECR-006 | D55: AI플랫폼 장비 도입 | E55: =COUNTIF('시스템장비'!E11:E97,"ecr-006*") -> 16 | F55: 제논 | M55: 최종 GPU 형상: NVIDIA H200 141GB × 8장 + NVIDIA L40S 48GB × 2장(총량 기준)
C56: ECR-007 | D56: 상담원 어시스턴트 서버 및 관련 장비 도입 | E56: =COUNTIF('시스템장비'!E12:E98,"ecr-007*") -> 15 | F56: 제논
C57: ECR-008 | D57: 위원회 콜센터 TA 이중화 장비 도입 | E57: =COUNTIF('시스템장비'!E13:E99,"ecr-008*") -> 15 | F57: 제논 | M57: TA/콜센터 추론 노드는 L40S 2장 총량 내 2노드 이중화 구성(노드당 1장). 상세 배치는 최종 BOM·위원회 승인으로 확정
C58: ECR-009 | D58: 위원회 보안 SW 도입 | E58: =COUNTIF('시스템장비'!E13:E99,"ecr-009*") -> 6 | F58: 제논
C59: ECR-010 | E59: =COUNTIF('시스템장비'!E13:E99,"ecr-010*") -> 1 | F59: 제논 | M59: 기술협상
C60: ECR-011 | E60: =COUNTIF('시스템장비'!E13:E99,"ecr-011*") -> 1 | F60: 제논 | M60: 기술협상
C61: ECR-012 | E61: =COUNTIF('시스템장비'!E13:E99,"ecr-012*") -> 1 | F61: 제논 | M61: 기술협상
C62: ECR-013 | E62: =COUNTIF('시스템장비'!E14:E100,"ecr-013*") -> 1 | F62: 제논 | M62: 기술협상
B63: 합계 | E63: =SUM(E50:E62) -> 87 | G63: 0 | H63: 0 | I63: 0
B64: 인터페이스 | C64: INR-001 | D64: SSO 통합 인증‧인사정보 연동 인터페이스 | E64: =COUNTIF('인터페이스'!E6:E60,"inr-001*") -> 10 | F64: 제논
C65: INR-002 | D65: 언어모델 표준 인터페이스 | E65: =COUNTIF('인터페이스'!E7:E61,"inr-002*") -> 7 | F65: 제논
C66: INR-003 | D66: 내부 업무포털 지식 수집 인터페이스 | E66: =COUNTIF('인터페이스'!E8:E62,"inr-003*") -> 3 | F66: 제논
C67: INR-004 | D67: STT 엔진 연동 인터페이스 | E67: =COUNTIF('인터페이스'!E9:E63,"inr-004*") -> 5 | F67: 제논
C68: INR-005 | D68: 기간계 협약기관 정보 연동 인터페이스 | E68: =COUNTIF('인터페이스'!E10:E64,"inr-005*") -> 12 | F68: 제논
C69: INR-006 | D69: 사용자 인터페이스(UI/UX) | E69: =COUNTIF('인터페이스'!E11:E65,"inr-006*") -> 10 | F69: 제논
C70: INR-007 | D70: 데이터분석 환경(MLOps)-AI플랫폼 간 연동 | E70: =COUNTIF('인터페이스'!E11:E65,"inr-007*") -> 6 | F70: 제논
C71: INR-008 | E71: =COUNTIF('인터페이스'!E11:E65,"inr-008*") -> 1 | F71: 제논 | M71: 기술협상
C72: INR-009 | E72: =COUNTIF('인터페이스'!E12:E66,"inr-009*") -> 1 | F72: 제논 | M72: 기술협상
B73: 합계 | E73: =SUM(E64:E72) -> 55 | G73: 0 | H73: 0 | I73: 0
B74: 데이터 | C74: DAR-001 | D74: 수집 대상 데이터 및 메타데이터 정의 | E74: =COUNTIF('데이터'!E6:E28,"dar-001*") -> 6 | F74: 제논
C75: DAR-002 | D75: 이력‧로그‧설정 변경 데이터 관리 정책 | E75: =COUNTIF('데이터'!E7:E29,"dar-002*") -> 4 | F75: 제논
C76: DAR-003 | D76: 사용자 활동 데이터 관리 정책 | E76: =COUNTIF('데이터'!E8:E30,"dar-003*") -> 4 | F76: 제논
C77: DAR-004 | D77: 데이터 표준 수립 및 품질 관리 | E77: =COUNTIF('데이터'!E8:E30,"dar-004*") -> 8 | F77: 제논
C78: DAR-005 | E78: =COUNTIF('데이터'!E9:E31,"dar-005*") -> 1 | F78: 제논 | M78: 기술협상
B79: 합계 | E79: =SUM(E74:E78) -> 23 | G79: 0 | H79: 0 | I79: 0
B80: 테스트 | C80: TER-001 | D80: 테스트 전략 및 계획 수립 | E80: =COUNTIF('테스트'!E6:E25,"ter-001*") -> 2 | F80: 제논
C81: TER-002 | D81: 단위‧통합‧시스템 테스트 수행 | E81: =COUNTIF('테스트'!E7:E26,"ter-002*") -> 4 | F81: 제논
C82: TER-003 | D82: 생성형 AI 응답 품질 및 RAG 파이프라인 검증 | E82: =COUNTIF('테스트'!E8:E27,"ter-003*") -> 5 | F82: 제논
C83: TER-004 | D83: 인수 테스트 및 시범 운영 | E83: =COUNTIF('테스트'!E9:E28,"ter-004*") -> 6 | F83: 제논
C84: TER-005 | D84: 예측 모델 초기 성능 검증 | E84: =COUNTIF('테스트'!E10:E29,"ter-005*") -> 3 | F84: 제논
B85: 합계 | E85: =SUM(E80:E84) -> 20 | G85: 0 | H85: 0 | I85: 0
B86: 보안 | C86: SER-001 | D86: 문서 접근 권한 통제 | E86: =COUNTIF('보안'!E6:E112,"ser-001*") -> 10 | F86: 제논
C87: SER-002 | D87: RAG 보안 통제 정책 | E87: =COUNTIF('보안'!E7:E113,"ser-002*") -> 8 | F87: 제논
C88: SER-003 | D88: 감사 로그 통합 관리 | E88: =COUNTIF('보안'!E8:E114,"ser-003*") -> 19 | F88: 제논
C89: SER-004 | D89: 사용자 데이터 보관‧보호 및 활용 범위 통제 | E89: =COUNTIF('보안'!E9:E115,"ser-004*") -> 8 | F89: 제논
C90: SER-005 | D90: 환경 격리 및 인프라 자원 보안 통제 | E90: =COUNTIF('보안'!E10:E116,"ser-005*") -> 5 | F90: 제논
C91: SER-006 | D91: SSO 인증‧암호화 및 폐쇄망 운영 보안 | E91: =COUNTIF('보안'!E11:E117,"ser-006*") -> 13 | F91: 제논
C92: SER-007 | D92: 에이전트‧AI 생성물 보안 통제 및 배포 거버넌스 | E92: =COUNTIF('보안'!E12:E118,"ser-007*") -> 9 | F92: 제논
C93: SER-008 | D93: 언어모델 보안 관리 | E93: =COUNTIF('보안'!E13:E119,"ser-008*") -> 6 | F93: 제논
C94: SER-009 | D94: 학습데이터 개인정보 비식별화 통제 | E94: =COUNTIF('보안'!E14:E120,"ser-009*") -> 9 | F94: 제논
C95: SER-010 | D95: 소프트웨어 개발 보안 및 취약성 점검 | E95: =COUNTIF('보안'!E15:E121,"ser-010*") -> 6 | F95: 제논
C96: SER-011 | D96: 사업수행 보안 관리 | E96: =COUNTIF('보안'!E15:E121,"ser-011*") -> 11 | F96: 제논
C97: SER-012 | E97: =COUNTIF('보안'!E15:E121,"ser-012*") -> 2 | F97: 제논 | M97: 기술협상
C98: SER-013 | E98: =COUNTIF('보안'!E16:E112,"ser-013*") -> 1 | F98: 제논 | M98: 기술협상
B99: 합계 | E99: =SUM(E86:E98) -> 107 | G99: 0 | H99: 0 | I99: 0
B100: 품질 | C100: QUR-001 | D100: 언어모델 운영 품질 관리 | E100: =COUNTIF('품질'!E6:E44,"qur-001*") -> 7 | F100: 제논
...

Sheet 기능
A1: 요구사항정의서-기능
A2: 사업명 | D2: 신용회복위원회 통합 AI 플랫폼 구축 사업 | H2: 업무 구분 | K2: 기능 요구사항 | P2: 작성자 | S2: 김현근
A3: 단계 | D3: 요구분석, 설계, 구현, 테스트, 전개 | H3: 작성일자 | K3: 2026.08.24 | P3: 버전 | S3: v.0.999
J4: Q
A5: 요구사항 분류 | B5: 요구사항 고유번호 | C5: 요구사항 명 | D5: 정의 | E5: 상세요구사항ID | F5: 상세요구사항명 | G5: 상세요구사항 설명 | H5: 요구사항 출처 | I5: 담당 수행사 | J5: 제약사항 및 처리(수행)방안 | K5: 위원회 검토 의견 | L5: 산출정보(RFP 기준) | M5: 산출물(방법론 테일러링 결과서) | N5: 요구사항 상태 | O5: 중요도 | P5: 담당자 | Q5: 완료여부 | R5: 수행사 수용 여부 | S5: 위원회 수용 여부 | T5: 비고(변경처리내역 등)
A6: 기능 요구사항 | B6: SFR-001 | C6: AI 통합 포털 기능 구현 | D6: [포털] AI 통합 포털, 인증·세션, 알림·공지, 법규 준수, 폐쇄망 운영 기능 제공 | E6: SFR-001-01-01 | F6: 단일 포털 진입점 및 메뉴 통합 | G6: 시스템은 AI 서비스, MLOps 운영, 플랫폼 관리 기능 전체를 단일 웹 UI에서 접근할 수 있는 통합 포털 제공하여야 한다. | H6: RFP | I6: 제논 | J6: 플랫폼 통합 포털, 메뉴 통합, IAM 권한 기능 적용 | L6: · 화면설계서 · 사용자 매뉴얼 · 관리자 매뉴얼 | Q6: 완료 | R6: 수용 | S6: 수용 | T6: 46232
E7: SFR-001-01-02 | G7: 시스템은 (통합 메뉴) 서비스 허브, 모니터링, 정책변경, 보안, 감사/로그 등 하위 메뉴 통합 제공하여야 한다. | H7: RFP | I7: 제논 | J7: [Before] 서비스 허브는 AI 통합 포털 서비스로 구현하고, 모니터링, 정책 변경, 보안, 감사/로그는 GenOS 플랫폼 기능 적용 [After] 서비스 허브는 어드바이저, 어시스턴트 서비스로 구현하고, 모니터링, 정책 변경, 보안 감사/로그는 GenOS 플랫폼(AI 포탈) 기능 적용 | K7: J열은 서비스 허브(AI 통합 포털)와 관리 기능(GenOS 플랫폼)을 상이한 시스템으로 기재하고 있어, SFR-001-01-01의 '단일 웹 UI 접근' 요건 충족 여부가 불명확함. 사용자가 두 시스템을 별도 화면·별도 주소로 이용하게 되는지, 단일 포털 내 메뉴로 통합되는지 화면 설계서로 확인 요망. | Q7: 완료 | R7: 수용 | S7: 수용 | T7: 46255
E8: SFR-001-01-03 | G8: (권한별 접근) 사용자 권한(운영자/권한을 부여받은 사용자/일반 사용자)에 따라 접근 가능 기능 영역 구분 | H8: RFP | I8: 제논 | J8: 플랫폼 IAM 기능과 SSO 연동을 통해 기능 구현 | Q8: 완료 | R8: 수용 | S8: 수용 | T8: 46232
E9: SFR-001-01-04 | G9: (단일 세션) 포털 내 모든 영역 간 전환 시 재인증 없이 단일 세션 유지 | H9: RFP | I9: 제논 | J9: [Before] JSON Web Token으로 구현 | K9: JWT 적용만으로는 SFR-001-01-02의 이원 구성(AI 통합 포털 ↔ GenOS 플랫폼) 간 재인증 없는 전환이 보장되는지 확인 어려울 것으로 예상. 두 영역 간 세션 연계 방식, 토큰 유효기간·갱신 정책, 로그아웃 시 토큰 무효화 처리방안에 대해 추가 수행방안 요청 | Q9: 완료 | R9: 수용 | S9: 수용 | T9: 46255
E10: SFR-001-02-01 | F10: 사용자 인증 및 세션 관리 | G10: 시스템은 로그인·로그아웃·비밀번호 변경 등 사용자 인증 기능 및 세션 관리 기능 제공하여야 한다. | H10: RFP | I10: 제논 | J10: - 반디의 로그인 화면 이용 - 로그아웃 시 실제로 업무 시스템이 로그아웃 되는 것이 아닌 창 닫기는 것으로 정의 - 비밀번호 변경 기능은 제공하지 않음 | Q10: 완료 | R10: 수용 | S10: 수용 | T10: 46232
E11: SFR-001-02-02 | G11: (SSO 연동) SSO 연동을 지원하며, 연동 방식 및 대상 시스템은 위원회와 협의 | H11: RFP | I11: 제논 | J11: 신복위 SSO 정책에 따라 적용하며 대상 시스템은 위원회 협의에 따라 적용 | Q11: 완료 | R11: 수용 | S11: 수용 | T11: 46232
E12: SFR-001-02-03 | G12: (권한 관리) 역할 기반 접근 제어(RBAC) 적용, 기존 위원회 인사체계 준용 | H12: RFP | I12: 제논 | J12: 신복위 인사체계를 준용하여 RBAC 기반 플랫폼 IAM 기능 적용 | Q12: 완료 | R12: 수용 | S12: 수용 | T12: 46232
E13: SFR-001-03-01 | F13: 사용자 알림·공지 및 매뉴얼 | G13: 시스템은 사용자별 알림 표시, 공지사항 조회·팝업, 화면별 매뉴얼 페이지 이동 기능 제공하여야 한다. | H13: RFP | I13: 제논 | J13: 플랫폼의 알림, 공지사항 기능 적용, 화면별 매뉴얼 페이지 이동 기능 구현 상기 매뉴얼 페이지 이동 기능 구현을 위해 매뉴얼은 기본적으로 gitbook.io 형태로 제공 및 pdf export 기능 제공 [Advisor] - 공시사항 및 공지 팝업 기능 구현 - 별도의 사용자 알림 미제공, 가드레일 위반 시 대화 응답(disclaimer)으로 경고 | Q13: 완료 | R13: 수용 | S13: 수용 | T13: 46232
E14: SFR-001-04-01 | F14: AI 서비스 직접 이용 | G14: 포털 화면 내에서 AI 서비스를 직접 이용할 수 있으며, 서비스 간 전환 시 대화 세션 유지 | H14: RFP | I14: 제논 | J14: 포털 화면 내에서 AI 서비스 엔드포인트 접근 기능 적용, 서비스 간 전환 시 대화 세션 유지 기능 구현 | Q14: 완료 | R14: 수용 | S14: 수용 | T14: 46232
E15: SFR-001-05-01 | F15: MLOps 및 관리 기능 접근 ※ 구체적인 UI 구성 방식은 사업자 제안 후 위원회와 협의하여 확정 | G15: 운영자·관리자가 포털 내에서 모델 서빙, 학습 관리, 데이터 관리, 자원 할당 등 MLOps 운영 기능에 접근 가능 | H15: RFP | I15: 제논 | J15: [Before] 포털내에서 운영자, 관리자가 모델 서빙, 학습 관리, 데이터 관리, 자원 할당 등 MLOps 운영 기능에 접근 가능하도록 기능 구현 (구체적인 UI 구성 방식은 위원회와 협의하여 확정) [After] 포털내에서 운영자, 관리자가 모델 서빙, 학습 관리, 데이터 관리, 자원 할당 등 MLOps 운영 기능에 접근 가능하도록 기능 구현 시안 A, B안 제공 | K15: UI 설계 전 타사 사례 및 참고할만한 시안을 먼저 제공 요청 | Q15: 완료 | R15: 수용 | S15: 수용 | T15: 46255
E16: SFR-001-05-02 | G16: 시스템은 (영역 구분) 생성형 AI 서비스 영역과 MLOps 운영 영역을 메뉴 또는 탭 구조로 구분 제공하여야 한다. | H16: RFP | I16: 제논 | J16: 플랫폼에 구현된 서비스를 활용하여 생성형AI 서비스와 MLOps서비스 영역을 메뉴로 구분하여 적용 | Q16: 완료 | R16: 수용 | S16: 수용 | T16: 46232
E17: SFR-001-06-01 | F17: 법규 준수 및 운영 조건 | G17: (법령 준수) 「인공지능 발전과 신뢰 기반 조성 등에 관한 기본법」 및 동법 시행령을 준수하여야 한다. | H17: RFP | I17: 제논 | J17: [Before] 해당 법령 및 가이드라인을 준수하여 개발 (추가 논의 필요한 사항은 별도 위원회와 협의하여 적용) [After] 해당 법령과 「개인정보 보호법」 및 동법 시행령, 「신용정보의 이용 및 보호에 관한 법률」 및 동법 시행령 및 가이드라인을 준수하여 개발 (추가 논의 필요한 사항은 별도 위원회와 협의하여 적용) | K17: 준수 대상은 인공지능기본법 외 「개인정보 보호법」 및 동법 시행령, 「신용정보의 이용 및 보호에 관한 법률」 및 동법 시행령을 포함 | Q17: 완료 | R17: 수용 | S17: 수용 | T17: 46255
E18: SFR-001-06-02 | G18: (가이드라인 반영) 「금융분야 생성형 AI 활용 지원방안」(금융위원회) 및 「금융 AI 7대 원칙」을 참조하여 시스템 설계·운영에 반영하여야 한다. | H18: RFP | I18: 제논 | J18: [Before] 「금융분야 생성형 AI 활용 지원방안」(금융위원회) 및 「금융 AI 7대 원칙」을 참조하여 시스템 설계·운영에 반영 (추가 논의 필요한 사항은 별도 위원회와 협의하여 적용) [After] 「금융분야 생성형 AI 활용 지원방안」(금융위원회), 과기정통부·개인정보보호위원회·금융감독원·금융위원회·국가정보원 가이드라인 및 「금융 AI 7대 원칙」을 참조하여 시스템 설계·운영에 반영 (추가 논의 필요한 사항은 별도 위원회와 협의하여 적용) | K18: 다음 가이드라인을 시스템 설계 및 운영에 반영 - [과학기술정보통신부] 인공지능기본법 하위 가이드라인(고영향 인공지능 판단 가이드라인, 고영향 인공지능 사업자 책무 가이드라인, 인공지능 영향평가 가이드라인, 인공지능 투명성 확보 가이드라인, 인공지능 안전성 확보 가이드라인 - [개인정보보호위원회] 자동화된 결정에 대한 정보주체의 권리 안내서, 생성형 인공지능(AI) 개발 및 활용을 위한 처리 안내서, 가명정보 처리 가이드라인, 개인정보 영향평가 수행안내서, 공공 AX 프라이버시 보호 안내성(안) - [금융감독원] 금융분야 AI 위험관리 프레임워크(AI RMF) - [금융위원회] 금융분유야 가명, 익명처리 안내서 - [국가정보원] 국가, 공공기관 AI 보안 가이드북 | Q18: 완료 | R18: 수용 | S18: 수용 | T18: 46255
E19: SFR-001-06-03 | G19: (변경 대응) 관련 법률·가이드라인의 제·개정 시 위원회와 협의하여 운영에 반영할 수 있는 절차를 수립하여야 한다. | H19: RFP | I19: 제논 | J19: [Before] 관련 법률·가이드라인의 제·개정 시 위원회와 협의하여 시스템 적용 범위를 도출하고, 사업기간 내 적용 가능한 범위내에서 기능 구현 [After] 관련 법률·가이드라인의 제·개정 시 위원회와 협의하여 시스템 적용 범위를 도출하고, 사업기간 내 적용 가능한 범위내에서 기능 구현 사업기간 중에는 수행사 PM·보안담당이 법령 및 가이드라인 제·개정을 정기 모니터링하고 영향분석·위원회 승인 후 반영 운영 이관 시에는 모니터링 대상, 담당부서, 검토·승인·반영 절차와 이력관리 방법을 운영 Runbook으로 인계 | K19: 제/개정 모니터링 대상은 K17의 법령 전체 및 K18의 가이드라인·안내서 전체. 다만 J열의 '사업기간 내'와 관련하여, 사업기간 중 모니터링 주체와 운영 이관 후 절차(위원회 인계 범위)를 구분하여 명시 요망. | Q19: 완료 | R19: 수용 | S19: 수용 | T19: 46255
E20: SFR-001-07-01 | F20: 폐쇄망 운영 전제 ※ 망 구성(내부망/대외망/DMZ) 세부사항은 위원회와 협의하여 확정 | G20: 모든 컴포넌트가 외부 인터넷 완전 차단된 폐쇄망 환경에서 100% 독립 작동 | H20: RFP | I20: 제논 | J20: 온프레미스 환경에서 100% 독립 작동할 수 있도록 기능 구현 (플랫폼은 온프레미스 환경에서 100% 독립 작동 가능함) (망 구성(내부망/대외망/DMZ) 세부사항은 위원회와 협의하여 확정) | Q20: 완료 | R20: 수용 | S20: 수용 | T20: 46232
E21: SFR-001-07-02 | G21: 시스템은 (외부 연동) 외부 데이터 수집은 대외망에서 수행, 내부망 반입 시 승인·검증·무해화 절차 적용하여야 한다. | H21: RFP | I21: 제논 | J21: [Before] 외부데이터 수집은 위원회로부터 승인된 방식으로 수집하며, 내부망 반입 필요 시 위원회 승인, 검증, 무해화 절차를 통해 반입 [After] 외부데이터 수집은 위원회로부터 승인된 방식으로 수집하며, 내부망 반입 필요 시 위원회 승인, 검증, 무해화 절차를 통해 반입 (위원회 기존 보안체계를 이용) | K21: J열의 '위원회 승인, 검증, 무해화 절차'가 위원회 기존 보안체계를 이용한다는 의미인지, 본 사업에서 해당 절차·수단을 구축한다는 의미인지 불명확함. | Q21: 완료 | R21: 수용 | S21: 수용 | T21: 46255
E22: SFR-001-07-03 | G22: (모델 반입) 오픈소스 LLM 등 외부 패키지는 오프라인 방식 반입, 보안 검증 필수 | H22: RFP | I22: 제논 | J22: [Before] LLM, 임베딩 모델은 huggingface safety checker로 검증된 모델만 반입하고, 패키지는 라이브러리 취약점 점검 후 반입 [After] LLM, 임베딩 모델은 huggingface safety checker로 검증된 모델만 반입하고, 패키지는 라이브러리 취약점 점검 후 반입 외부 데이터 반입은 위원회 기존 보안 반입·승인·검증·무해화 절차를 준용 본 사업에서는 해당 절차를 준수하기 위한 반입 체크리스트, 파일 검증·이력 기록 및 연계 기능을 제공하며, 추가 보안수단이 필요한 경우 별도 협의하여 확정 | K22: 허깅페이스의 'safety checker'은 통상 생성 이미지의 유해 콘텐츠 필터 로 알고 있음. 이는 보안 취약점 검사와 다른 개념으로 이해. 폐쇄망 반입에 필요한 것은 모델 파일에 악성코드가 숨어 있는 지 확인하는 검사와 파일 무결성 검증이므로 수행방안에 대한 보완 필요. 폐쇄망에서는 허깅페이스 접속이 불가하므로, '검증'을 어디서 언제 어떻게 수행할지에 대한 수행 방안 제시 필요 | Q22: 완료 | R22: 수용 | S22: 수용 | T22: 46255
A23: 기능 요구사항 | B23: SFR-002 | C23: 문서 파싱·청킹 및 전처리 기능 | D23: [데이터 수집·전처리] 비정형 문서 파싱·정규화, HWP 변환, 청킹 전략, 검수·교정, 지식 등록·승인 | E23: SFR-002-01-01 | F23: 통합 데이터 처리 및 정규화 | G23: 시스템은 다양한 형식의 비정형 문서를 자동으로 파싱하고 구조화된 형태로 정규화하는 기능 제공하여야 한다. | H23: RFP | I23: 제논 | J23: HWP, HWPX, PDF, DOCX, XLSX, PPTX 등 주요 문서 구조화 및 Semantic Chunking 기능 적용 (단, HWP는 PDF로 변환하여 적용) | L23: · 비정형 문서 구조화 내역서 · 데이터 흐름도 및 파이프라인 설계서 · 테이블 정의서 | Q23: 완료 | R23: 수용 | S23: 수용 | T23: 46232
E24: SFR-002-01-02 | G24: 시스템은 (지원 포맷) HWP, HWPX, PDF, DOCX, XLSX, PPTX 등 주요 문서 형식 지원하여야 한다. | H24: RFP | I24: 제논 | J24: HWP, HWPX, PDF, DOCX, XLSX, PPTX 등 주요 문서 형식 지원 (단, HWP는 PDF로 변환하여 적용) | Q24: 완료 | R24: 수용 | S24: 수용 | T24: 46232
E25: SFR-002-01-03 | G25: 시스템은 (구성요소 추출) 텍스트·표·이미지를 요소별로 분리·추출하며, 표 파싱 시 행·열 구조 보존하여야 한다. | H25: RFP | I25: 제논 | J25: 지능형 전처리기(Doc Parser) 기능 적용하여 구성요소 추출 및 구조 보존 적용 | Q25: 완료 | R25: 수용 | S25: 수용 | T25: 46232
E26: SFR-002-01-04 | G26: (OCR 처리) 스캔 PDF, 문서 내 삽입 이미지 등에 VLM/OCR을 적용 하여 텍스트 추출 | H26: RFP | I26: 제논 | J26: [Before] Image Description 기능을 통해 스캔 PDF, 문서 내 삽입 이미지 등에서 텍스트 추출 [After] 스캔 PDF·이미지의 문자 원문 추출은 VLM 수행하고, 도표·그림의 의미 설명은 Image Description을 보조적으로 적용하여 기능을 구분 위원회 샘플 문서로 본문·표·특수문자 인식 품질을 선행 검증하고, 기준 미달 문서는 수동 검수 대상으로 분류 | K26: G열은 'VLM/OCR 적용'을 명시하고 있으나 J열의 Image Description은 이미지 설명문 생성 기능으로 문자 인식(OCR)과 상이함. 스캔 PDF의 본문 텍스트를 원문 그대로 추출하는 기능인지 확인 요청 | Q26: 완료 | R26: 수용 | S26: 수용 | T26: 46255
E27: SFR-002-01-05 | G27: 시스템은 (노이즈 제거) 불필요한 머리글·바닥글 제거, 연속 공백·개행 통일, 특수 기호 보존 등 정규화 처리하여야 한다. | H27: RFP | I27: 제논 | J27: 지능형 전처리기 기능을 통해 Item 유형 파악 및 노이즈 제거 | Q27: 완료 | R27: 수용 | S27: 수용 | T27: 46232
E28: SFR-002-01-06 | G28: (비정형 문서 구조화) 비정형 문서를 논리적 단위(장/절/조항/항목 등)로 구조화하는 기능 제공. 문서 내 표·그래프·사진 등 복합 객체를 자동 식별·분류하며, 표는 셀 단위 인식 및 행·열 구분 가능. | H28: RFP | I28: 제논 | J28: 지능형 전처리기 기능을 통해 구조화, 복합 객체 자동 식별·분류, 표는 셀 단위 인식 및 행·열 구분 | Q28: 완료 | R28: 수용 | S28: 수용 | T28: 46232
E29: SFR-002-02-01 | F29: HWP 표준 변환 파이프라인 ※ HWP 파싱에 상용 솔루션 도입 시 해당 비용을 제안가에 포함. 오픈소스 활용 시 BMT 결과 제출 필요 | G29: 시스템은 HWP 원본의 파싱 품질 확보를 위한 HWP → PDF 변환 파이프라인 제공하여야 한다. | H29: RFP | I29: 제논 | J29: [Before] Doc Parser v2.2.0 이상에서 기능 제공 (HWP 파싱에 사용하는 솔루션은 수행사 솔루션으로 제안가에 포함되어 있으머 따라서, BMT는 해당사항 없음) [After] Doc Parser v2.2.0 이상에서 기능 제공 대량 적재 전 위원회 제공 HWPX 샘플을 대상으로 초기 품질 테스트를 수행 | K29: 상용 솔루션이나 오픈소스가 아닌 제논 자사 파서 솔루션으로 이해됨. HWP 파싱 품질이 본 사업에 대단히 큰 비중을 차지하므로, 이 부분에 대한 초기 품질 테스트가 선행되어야 할 것으로 판단됨. | Q29: 완료 | R29: 수용 | S29: 수용 | T29: 46255
E30: SFR-002-02-02 | G30: (품질 검증) 변환 과정의 레이아웃 손실, 표 깨짐, 특수문자 누락 등 자동 검출 기능 | H30: RFP | I30: 제논 | J30: 변환 과정의 레이아웃 손실, 표 깨짐, 특수문자 누락 등 자동 검출 기능 제공, 플랫폼의 Admin 화면에서 확인 가능 | Q30: 완료 | R30: 수용 | S30: 수용 | T30: 46232
E31: SFR-002-02-03 | G31: 시스템은 (원본 대조) 변환 결과물에 대한 원본 대조 미리보기 기능 제공하여야 한다. | H31: RFP | I31: 제논 | J31: 플랫폼을 통해 변환 결과물에 대한 원본 대조 미리보기 기능 제공 | Q31: 완료 | R31: 수용 | S31: 수용 | T31: 46232
E32: SFR-002-03-01 | F32: 청킹(Chunking) 전략 설정 및 적용 ※ 기본 청킹 전략 및 청크 크기 권장 범위는 구축 시 위원회와 협의하여 확정 | G32: 시스템은 문서 유형 및 구조에 따라 최적화된 청킹 전략을 적용하고 관리자가 파라미터를 조정할 수 있는 기능 제공하여야 한다. | H32: RFP | I32: 제논 | J32: [Before] 플랫폼에서 벡터 DB 적재 시 chunk_size 등 청킹 파라미터 지정 기능 제공 (기본 청킹 전략 및 청크 크기 권장 범위는 구축 시 위원회와 협의하여 확정) [After] 플랫폼에서 벡터 DB 적재 시 문서 유형별 청킹 전략(구조/의미 기반), chunk size, overlap 등 파라미터를 조회·수정할 수 있도록 Web UI 제공 (기본 청킹 전략 및 청크 크기 권장 범위는 구축 시 위원회와 협의하여 확정) | K32: '청크 크기' 등 파라미터 변수는 관리자가 Web UI 수정 기능 필요. 청킹 전략, 청크 크기 등은 실제 학습 문서를 처리하면서 최적의 값을 조정하는 방향으로 진행 요청 | Q32: 완료 | R32: 수용 | S32: 수용 | T32: 46255
E33: SFR-002-03-02 | G33: (구조 분석) 문서의 의미 및 구조(표, 단락, 조항 등)를 분석하여 맥락이 유지되도록 분할 | H33: RFP | I33: 제논 | J33: [Before] 플랫폼에서 Semantic Chunking 기능으로 제공 [After] 플랫폼에서 벡터 DB 적재 시 문서 유형별 청킹 전략(구조/의미 기반), chunk size, overlap 등 파라미터를 조회·수정할 수 있도록 Web UI 제공 | K33: 문서 유형별로 구조 기반 분할과 의미 기반 분할을 선택 적용 필요 | Q33: 완료 | R33: 수용 | S33: 수용 | T33: 46255
E34: SFR-002-03-03 | G34: 시스템은 (메타데이터) 청킹 단위별 원문 위치(페이지, 조항 번호 등) 및 문서 식별 정보를 메타데이터로 저장하여야 한다. | H34: RFP | I34: 제논 | J34: [Before] 플랫폼에서 메타데이터 저장방식 제공 [After] 플랫폼에서 메타데이터 저장방식 제공 위원회 제공 문서를 분석하여 문서 유형별 메타데이터 초안을 제시 청크에는 문서ID·파일명·페이지·장/절/조항·원문 위치·버전·시행일·출처 경로 등을 저장하고, 최종 항목과 필수 여부는 위원회와 협의하여 확정 | K34: 청크 단위로 저장되는 메타데이터 항목 목록에 구체적 협의 필요. 제공한 문서(규정, 방법서 매뉴얼 등)를 통해 어떤 메타 유형을 추출할 수 있는지 초안을 제공 후 구체화하는 방식 희망 | Q34: 완료 | R34: 수용 | S34: 수용 | T34: 46255
E35: SFR-002-03-04 | G35: (이미지·도식 처리) 문서 내 이미지·도식은 관련 텍스트와 동일 청크에 포함하거나 별도 메타데이터로 연결하여, 검색 시 맥락 유지 | H35: RFP | I35: 제논 | J35: 플랫폼에서 문서 내 이미지·도식은 관련 텍스트와 동일 청크에 포함하거나 별도 메타데이터로 연결하는 기능 제공 | Q35: 완료 | R35: 수용 | S35: 수용 | T35: 46232
E36: SFR-002-03-05 | G36: (유형별 규칙) 문서 유형별(협약/세칙/방법서/매뉴얼/FAQ 등) 청킹 규칙 템플릿 기본 제공, 관리자가 웹 UI에서 설정·수정 가능 | H36: RFP | I36: 제논 | J36: 문서 유형별(협약/세칙/방법서/매뉴얼/FAQ 등) 청킹 규칙 템플릿 기본 제공, 관리자가 웹 UI에서 설정·수정 기능 제공 | Q36: 완료 | R36: 수용 | S36: 수용 | T36: 46232
E37: SFR-002-03-06 | G37: (파라미터 설정) 청크 크기, 오버랩 범위를 관리자 화면에서 조정 가능 | H37: RFP | I37: 제논 | J37: 플랫폼 관리자 화면에서 기능 제공 | Q37: 완료 | R37: 수용 | S37: 수용 | T37: 46232
E38: SFR-002-04-01 | F38: 청크 검수 및 교정 | G38: 시스템은 청크 데이터를 관리자가 검수할 수 있는 웹 기반 UI 제공하여야 한다. | H38: RFP | I38: 제논 | J38: [Before] 플랫폼에서, 문서 청크 단위 메타 수정 UI 및 문서 전체 단위 메타 수정 UI 제공 [After] 플랫폼에서, 문서 청크 단위 메타 수정 UI 및 문서 전체 단위 메타 수정 UI 제공 청크 검수 화면에서 메타데이터뿐 아니라 청크 본문 텍스트, 원문 위치 및 전후 문맥을 함께 조회·수정할 수 있도록 제공 | K38: J열은 메타데이터 수정 UI만 기재하고 있어 청크 본문(텍스트) 자체의 검수·수정 가능 여부가 불명확함. SFR-002-04-03(청크 단위 즉시 수정)과 함께 본문 교정 기능 제공 여부를 수행방안에 포함 요청 | Q38: 완료 | R38: 수용 | S38: 수용 | T38: 46255
E39: SFR-002-04-02 | G39: 시스템은 (자동 플래그) 파싱 오류를 자동 플래그하고 오류 유형별 필터링 기능 제공하여야 한다. | H39: RFP | I39: 제논 | J39: 적재 성공/실패·에러 로그는 플랫폼에서 제공하고, 파싱 오류 유형별 자동 플래그·필터링은 추가로 개발하여 제공 | Q39: 완료 | R39: 수용 | S39: 수용 | T39: 46232
E40: SFR-002-04-03 | G40: (교정 도구) 청크 단위 즉시 수정 기능 제공, 수정 사항은 벡터 DB에 동기화 | H40: RFP | I40: 제논 | J40: [Before] 플랫폼에서 기능 제공 [After](누락) 청크 수정 저장 시 해당 청크를 재임베딩하여 벡터 저장소에 갱신하고, 반영 상태를 '대기/처리/완료/실패'로 표시 즉시 반영 또는 작업 큐 방식은 처리량을 고려하여 설계 시 확정하며, 반영 시각과 오류·재처리 이력을 제공 특정 청크 단위 즉시 수정은 GUI로 가능. | K40: 수정 사항의 벡터 DB 동기화 방식(즉시 재임베딩 여부, 반영 시점)을 처리방안에 보완 [3차 검토의견, 260822~23 검토] '청크 단위 즉시 수정 기능' '수정 사항의 벡터 DB 동기화 방식'에 대해 단순 '플랫폼 기능 제공'보다, 구체적으로 어떻게 운영부서에서 동 기능을 사용할 수 있는 지 협의 필요(환경변수, 파라미터를 통한 수정의 경우 운영부서에서 지속가능한 관리가 어려움) | Q40: 완료 | R40: 수용 | S40: 수용 | T40: 46259
E41: SFR-002-04-04 | G41: 시스템은 (이력 관리) 수정 이력(전·후 버전 비교) 관리 기능 제공하여야 한다. | H41: RFP | I41: 제논 | J41: 플랫폼에서 청크·문서 메타 수정 시 전·후 버전 스냅샷 저장, 변경 이력 목록 및 전·후 비교 조회 UI 제공 | Q41: 완료 | R41: 수용 | S41: 수용 | T41: 46232
E42: SFR-002-05-01 | F42: 파싱 실패 처리 | G42: 시스템은 파싱 불가 또는 품질 기준 미달 문서에 대한 처리 기능 제공하여야 한다. | H42: RFP | I42: 제논 | J42: 플랫폼에서 실패 문서 목록·에러 로그·재처리/삭제는 제공하고, 품질 기준 미달 자동 처리 정책은 추가로 개발하여 제공 | Q42: 완료 | R42: 수용 | S42: 수용 | T42: 46232
E43: SFR-002-05-02 | G43: (오류 큐) 파싱 실패 건을 별도 오류 큐에 자동 격리, 실패 사유 분류·기록 | H43: RFP | I43: 제논 | J43: [Before] 플랫폼에서 각 적재 문서 별 성공/실패 컬럼 및 실패 시 에러 로그 기능 제공 [After] 플랫폼에서 각 적재 문서 별 성공/실패 컬럼 및 실패 시 분류 사유를 확인할 수 있는 에러 로그 기능 제공 | K43: G열은 '별도 오류 큐 자동 격리'와 '실패 사유 분류'를 요구하나, J열은 성공/실패 컬럼 표시와 에러 로그만 기재하여 격리 및 사유 유형화에 대한 대응이 없음. 실패 건의 별도 관리 영역 제공 여부와 실패 사유 분류 체계 구현 필요. SFR-002-04-02(오류 유형별 필터링)와 동일 분류 체계 활용 | Q43: 완료 | R43: 수용 | S43: 수용 | T43: 46255
E44: SFR-002-05-03 | G44: 시스템은 (관리자 알림) 파싱 실패 발생 시 관리자에게 알림 제공하여야 한다. | H44: RFP | I44: 제논 | J44: 플랫폼에서 실패 발생 시 관리자 능동 알림 발송 기능은 추가 개발하여 제공(적재 화면에서 확인 가능) | Q44: 완료 | R44: 수용 | S44: 수용 | T44: 46232
E45: SFR-002-05-04 | G45: (재처리) 관리자가 수동 재처리 또는 예외 처리(지식베이스 제외) 가능 | H45: RFP | I45: 제논 | J45: 플랫폼에서 실패 건에 대한 재처리 및 삭제 기능 제공 | Q45: 완료 | R45: 수용 | S45: 수용 | T45: 46232
E46: SFR-002-06-01 | F46: 지식 등록 및 승인 정책 | G46: 시스템은 지식 등록 방식(수동 업로드/반자동 수집) 및 승인 절차 제공하여야 한다. | H46: RFP | I46: 제논 | J46: 플랫폼에서 지식 등록 방식(수동 업로드/반자동 수집) 및 승인 절차 제공 | Q46: 완료 | R46: 수용 | S46: 수용 | T46: 46232
E47: SFR-002-06-02 | G47: 시스템은 (등록 방식) 관리자 직접 업로드와 데이터 수집기 기반 반자동 수집을 모두 지원하여야 한다. | H47: RFP | I47: 제논 | J47: 플랫폼에서 관리자 직접 업로드와 데이터 수집기 기반 반자동 수집기능 제공 | Q47: 완료 | R47: 수용 | S47: 수용 | T47: 46232
E48: SFR-002-06-03 | G48: (승인 대기소) 전처리 완료 결과물은 승인 대기소(Staging)에 보관, 관리자 승인 후 벡터 DB 적재(증분의 경우에만 적용하며, 최초 구축 시에는 ‘승인 대기소’ 개념을 적용하지 아니함) | H48: RFP | I48: 제논 | J48: 플랫폼 적재 파이프라인에 승인 대기소 단계 추가, 전처리 결과물 대기 보관 후 관리자 승인 시에만 벡터 DB 적재 (증분의 경우에만 적용, 최초 구축 시에는 승인 대기소 개념 적용하지 않음) | Q48: 완료 | R48: 수용 | S48: 수용 | T48: 46232
E49: SFR-002-06-04 | G49: (승인 이력) 승인 처리 결과(승인·반려·보류)를 처리자, 일시, 사유와 함께 기록·조회 | H49: RFP | I49: 제논 | J49: 승인 처리 시 처리자·일시·판정(승인/반려/보류)·사유 이력 기록 및 조회 기능 제공 | Q49: 완료 | R49: 수용 | S49: 수용 | T49: 46232
E50: SFR-002-06-05 | G50: (대시보드) 승인 대기 문서 건수 및 상태를 관리자 대시보드에서 확인 | H50: RFP | I50: 제논 | J50: 승인 대기 건수·상태별 현황 위젯을 관리자 대시보드에 추가 개발하여 제공 | Q50: 완료 | R50: 수용 | S50: 수용 | T50: 46232
A51: 기능 요구사항 | B51: SFR-003 | C51: 지식화 파이프라인·분류·시점관리 및 벡터 인덱스 | D51: [데이터 수집·전처리] 지식화 파이프라인, 증분 처리, 데이터 수집기, 문서 유효성·벡터 인덱스 관리 | E51: SFR-003-01-01 | F51: 문서 유형별 지식화 파이프라인 | G51: 파이프라인은 구축 유형에 따라 승인 단계 적용 여부가 상이하게 운영됨 · (초기 구축) 파싱 → 자동 분류·메타데이터 추출 → 청킹 → 임베딩 → 벡터 DB 적재 ('승인' 단계 미적용) · (증분 처리) 파싱 → 자동 분류·메타데이터 추출 → 청킹 → 승인 → 임베딩 → 벡터 DB 적재 | H51: RFP | I51: 제논 | J51: 파싱→메타→청킹→임베딩→적재는 자동 적재로 플랫폼에서 제공, 자동 분류 단계·증분 시 승인 단계는 추가 개발하여 제공 | L51: · 청킹 결과 대표 샘플 · 기능 구현 화면 및 시연 결과 | Q51: 완료 | R51: 수용 | S51: 수용 | T51: 46232
E52: SFR-003-01-02 | G52: (자동 분류) 문서 내용을 분석하여 사전 정의된 카테고리별로 자동 분류하는 기능 제공. 위원회 제도별 분류 템플릿 기본 제공 ※ 자동 분류 정확도 기준은 검증 데이터셋(위원회 제공) | H52: RFP | I52: 제논 | J52: - 플랫폼에서 기능 제공, 문서 메타데이터 관리 기능 및 Enrichment 기능을 통해 메타데이터로 저장 가능 - 위원회 업무 도메인 카테고리 및 데이터셋에 대해서는 위원회가 제공 예정이며, 요구사항정의서 협의 완료 후 별도 Task로 초안(카데고리, 정답 데이터셋) 제공하겠음 (위원회에서 제공하는 검증 데이터셋으로 자동 분류 정확도 측정) | Q52: 완료 | R52: 수용 | S52: 수용 | T52: 46232
E53: SFR-003-01-03 | G53: (메타데이터 추출) 시행일, 폐지일, 적용대상 등 핵심 메타데이터를 자동 추출하여 부여 | H53: RFP | I53: 제논 | J53: 플랫폼에서 제공, 문서 메타데이터 관리 기능 및 Enrichment 기능을 통해 메타데이터로 저장 가능 | Q53: 완료 | R53: 수용 | S53: 수용 | T53: 46232
E54: SFR-003-01-04 | G54: (관리자 보정) 자동 분류·메타데이터 추출 결과에 대해 관리자가 재 분류·보정 가능 | H54: RFP | I54: 제논 | J54: 플랫폼에서 자동 분류·메타데이터 추출 결과에 대해 관리자가 재 분류·보정 가능 | Q54: 완료 | R54: 수용 | S54: 수용 | T54: 46232
E55: SFR-003-01-05 | G55: 시스템은 (분류체계 관리) 분류 체계를 관리자가 웹 UI에서 정의·수정· 삭제, 변경 이력 관리하여야 한다. | H55: RFP | I55: 제논 | J55: 플랫폼에 분류 체계 정의·수정·삭제·변경 이력 전용 관리 UI 추가 개발하여 제공 | Q55: 완료 | R55: 수용 | S55: 수용 | T55: 46232
E56: SFR-003-02-01 | F56: 증분 처리 및 변경 감지 ※ 실시간 모드 필요 여부 및 적용 범위는 위원회와 협의하여 확정 | G56: 시스템은 변경된 데이터만 식별하여 벡터 DB에 반영하는 증분 처리 기능 제공하여야 한다. | H56: RFP | I56: 제논 | J56: [Before] 플랫폼에서 증분 처리하는 자동 적재 기능 제공 (실시간 모드 필요 여부 및 적용 범위는 위원회와 협의하여 확정) [After] 자동 적재는 변경 감지 후 정해진 주기로 실행되는 배치, 수동 배치는 관리자가 직접 실행하는 방식, 실시간 모드는 이벤트/CDC 기반 즉시 반영 방식으로 구분 기본 범위는 자동 배치와 수동 실행으로 하고, 실시간 적용 대상은 데이터 소스별 필요성과 연계 가능성을 검토하여 확정 | K56: 자동적재와 실시간 모드의 차이점에 대한 회신 요청. 만약 자동적재가 '배치'이고, 실시간 모드가 '수동 배치'라면, 'SFR-003-02-04'에서 이미 수동 배치에 대해 요구하고 수용한 것으로 판단. 잘 못 이해한 것이라면 재검토 요청 필요 | Q56: 완료 | R56: 수용 | S56: 수용 | T56: 46255
E57: SFR-003-02-02 | G57: (변경 감지) 데이터 소스 유형별 변경 감지 방식을 관리자가 웹 UI에서 설정 가능 | H57: RFP | I57: 제논 | J57: [Before] RDB의 경우 특정 컬럼을 지정해서 적재, 비정형 데이터의 경우 내장 디렉토리 지정해서 적재, 관리자가 웹 UI에서 설정 기능 제공 [After] 관리자 Web UI에서 데이터 소스별 변경 감지 방식을 타임스탬프·해시·CDC·파일 속성 등으로 선택하고 대상 컬럼·경로를 설정할 수 있도록 제공 변경 감지 정책의 버전과 적용 이력을 함께 관리 | K57: G열은 변경 감지 방식(타임스탬프·해시·CDC 등)의 관리자 설정을 요구하나, J열은 감지 대상(컬럼·디렉토리) 지정으로 기재됨. | Q57: 완료 | R57: 수용 | S57: 수용 | T57: 46255
E58: SFR-003-02-03 | G58: (배치 모드) 배치 주기(시간별/일별/주별 등)를 관리자가 설정 가능 세부내용 | H58: RFP | I58: 제논 | J58: 플랫폼의 자동 적재 기능에서 적재 수행 시간 지정 기능 제공 | Q58: 완료 | R58: 수용 | S58: 수용 | T58: 46232
E59: SFR-003-02-04 | G59: (즉시 실행) 수동 업로드 시 배치 스케줄과 무관하게 전처리 파이프 라인 즉시 실행 | H59: RFP | I59: 제논 | J59: 플랫폼에서 수기 등록시 즉시 실행 | Q59: 완료 | R59: 수용 | S59: 수용 | T59: 46232
E60: SFR-003-02-05 | G60: (반영 이력) 변경 일시, 처리자, 갱신 대상 문서 목록, 인덱싱 완료 여부 기록·조회 | H60: RFP | I60: 제논 | J60: [Before] 플랫폼에서 파일 이름, 적재 시간, 처리자, 성공/실패 여부 표시 기능 제공 [After] 플랫폼에서 파일 이름, 적재 시간, 처리자, 성공/실패 여부(파일명·적재시간·처리자·성공/실패 포함) 표시 기능 제공 | K60: '갱신 대상 문서 목록'과 '인덱싱 완료 여부'가 J열 기재 항목(파일명·적재시간·처리자·성공/실패)에 포함되는지 여부 | Q60: 완료 | R60: 수용 | S60: 수용 | T60: 46255
E61: SFR-003-03-01 | F61: 웹 UI 환경 DataOps 및 데이터 수집기 ※ 수집 주기 및 방식은 데이터 종류별 특성에 따라 위원회와 협의 | G61: 시스템은 데이터를 자동 또는 수동으로 수집하는 통합 수집기 및 웹 UI 파이프라인 관리 기능 제공하여야 한다. | H61: RFP | I61: 제논 | J61: 플랫폼 Temporal 기능 사용, 데이터를 자동 또는 수동으로 수집하는 통합 수집기 및 웹 UI 파이프라인 관리 기능 제공 | Q61: 완료 | R61: 수용 | S61: 수용 | T61: 46232
E62: SFR-003-03-02 | G62: (수집 대상) 내부망(업무포털, 기간계 API, 수기 파일 업로드) | H62: RFP | I62: 제논 | J62: 플랫폼 Temporal 기능 사용, 내부망(업무포털, 기간계 API, 수기 파일 업로드) | Q62: 완료 | R62: 수용 | S62: 수용 | T62: 46232
E63: SFR-003-03-03 | G63: (웹 UI 환경) 파이프라인을 웹 UI에서 생성·수정·삭제 하며, 구축 유형에 따라 아래와 같이 구성 · 구축: 수집→파싱→분류→청킹→임베딩 · 증분 처리: 수집→파싱→분류→청킹→승인→임베딩 | H63: RFP | I63: 제논 | J63: 플랫폼 Temporal 기능 사용, 파이프라인을 웹 UI에서 생성·수정·삭제 하며, 구축 유형에 따라 아래와 같이 구성 · 구축: 수집→파싱→분류→청킹→임베딩 · 증분 처리: 수집→파싱→분류→청킹→승인→임베딩 | Q63: 완료 | R63: 수용 | S63: 수용 | T63: 46232
E64: SFR-003-03-04 | G64: (수집 소스 관리) 수집 소스별 연결 설정 및 수집 이력 조회 기능 | H64: RFP | I64: 제논 | J64: 플랫폼 Temporal 기능 사용, 수집 소스별 연결 설정 및 수집 이력 조회 기능 제공 | Q64: 완료 | R64: 수용 | S64: 수용 | T64: 46232
E65: SFR-003-04-01 | F65: 파이프라인 모니터링 및 실행 이력 | G65: 시스템은 지식화 파이프라인 단계별 처리 현황 및 오류를 조회할 수 있는 대시보드 제공하여야 한다. | H65: RFP | I65: 제논 | J65: 플랫폼 Temporal 기능 사용, 지식화 파이프라인 단계별 처리 현황 및 오류를 조회할 수 있는 대시보드 제공 | Q65: 완료 | R65: 수용 | S65: 수용 | T65: 46232
E66: SFR-003-04-02 | G66: (현황 조회) 단계별 처리 현황(대기/진행/완료/오류) 및 오류 유형별 분류 조회 | H66: RFP | I66: 제논 | J66: 플랫폼 Temporal 기능 사용, 단계별 처리 현황(대기/진행/완료/오류) 및 오류 유형별 분류 조회 기능 제공 | Q66: 완료 | R66: 수용 | S66: 수용 | T66: 46232
E67: SFR-003-04-03 | G67: 시스템은 (실행 이력) 실행 일시, 처리 건수, 성공/실패, 소요 시간 조회 및 오류 건 재처리하여야 한다. | H67: RFP | I67: 제논 | J67: 플랫폼 Temporal 기능 사용, 실행 일시, 처리 건수, 성공/실패, 소요 시간 조회 및 오류 건 재처리 기능 제공 | Q67: 완료 | R67: 수용 | S67: 수용 | T67: 46232
E68: SFR-003-04-04 | G68: (실패 정책) 파이프라인 단계별 실패 시 fallback 정책 적용(오류 큐 격리, 수동 재처리, 관리자 알림 등) | H68: RFP | I68: 제논 | J68: 플랫폼 Temporal 기능 사용, 파이프라인 단계별 실패 시 fallback 정책 적용(오류 큐 격리, 수동 재처리, 관리자 알림 등) | Q68: 완료 | R68: 수용 | S68: 수용 | T68: 46232
E69: SFR-003-05-01 | F69: 시점 기반 문서 유효성 관리 | G69: 시스템은 문서 메타데이터(게시일, 시행일, 폐지일) 기반 유효 문서 관리 및 As-of-Date 질의 기능 제공하여야 한다. | H69: RFP | I69: 제논 | J69: 플랫폼에서 문서 적재 시 문서 메타데이터(게시일, 시행일, 폐지일) 기반 유효 문서 관리. 게시일, 시행일, 폐지일 기준 질의 기능 제공 | Q69: 완료 | R69: 수용 | S69: 수용 | T69: 46232
E70: SFR-003-05-02 | G70: (현행 문서 우선) 별도 시점 지정이 없는 질의 시 현재 유효한 문서만 검색 대상에 포함 | H70: RFP | I70: 제논 | J70: 플랫폼에서 문서 적재 시 문서 메타데이터(게시일, 시행일, 폐지일) 기반 유효 문서 관리. 별도 시점 지정이 없는 질의 시 현재 유효한 문서만 검색 대상에 포함 | Q70: 완료 | R70: 수용 | S70: 수용 | T70: 46232
E71: SFR-003-05-03 | G71: (폐지 문서 제외) 폐지·대체된 문서는 기본 검색 대상에서 자동 제외 (논리 삭제 방식) | H71: RFP | I71: 제논 | J71: [Before] 적재 문서 TTL 제공, 폐지·대체된 문서는 기본 검색 대상에서 자동 제외 [After] 폐지·대체 문서는 저장소에 보존하되 active/valid_from/valid_to 등 메타데이터로 기본 검색 대상에서 논리적으로 제외 | K71: RFP는 본 항의 방식을 '(논리 삭제 방식)'으로 명시하고 있으므로 TTL(물리적 만료)로 갈음할 수 없음. TTL 적용 시 동일 SFR-003의 As-of-Date 질의 및 valid_from·valid_to 필드 필수 관리 요건과 상충하여 요구사항 간 자기모순이 발생함. 폐지·대체 문서는 저장소에 보존하되 검색 대상에서 제외하는 방식으로 처리방안 수정 요망. 아울러 본 항은 SFR-015·019·022·023 등 과제별 과거분 처리 정책의 근거 조항이므로, 전 과제 일괄 TTL 적용이 아닌 과제별 구분 적용이 필요. (Agent 별로 논리삭제 또는 시점데이터 출력 적용(세부내용은 각 Agent 처리흐름도에 상세 기재함) | Q71: 완료 | R71: 수용 | S71: 수용 | T71: 46255
E72: SFR-003-05-04 | G72: (As-of-Date 질의) 사용자가 기준 시점을 지정하여 해당 시점에 유효했던 문서만 검색 가능 | H72: RFP | I72: 제논 | J72: 플랫폼에서 문서 적재 시 문서 메타데이터(게시일, 시행일, 폐지일) 기반 유효 문서 관리, 사용자가 기준 시점을 지정하여 해당 시점에 유효했던 문서만 검색할 수 있는 기능 제공 | Q72: 완료 | R72: 수용 | S72: 수용 | T72: 46232
E73: SFR-003-05-05 | G73: 시스템은 (시점 메타데이터) 모든 벡터 청크에 valid_from·valid_to 이력 필드를 필수 관리하여야 한다. | H73: RFP | I73: 제논 | J73: 모든 벡터 청크에 valid_from·valid_to 이력 필드를 필수 관리 | Q73: 완료 | R73: 수용 | S73: 수용 | T73: 46232
E74: SFR-003-05-06 | G74: (개별공지 우선참조) 동일 조항에 대해 최신 개별공지가 존재하면 우선 참조, 방법서 미반영 여부 안내 | H74: RFP | I74: 제논 | J74: 동일 조항 최신 개별공지 우선 참조·방법서 미반영 안내 로직 신규 개발하여 제공 | Q74: 완료 | R74: 수용 | S74: 수용 | T74: 46232
E75: SFR-003-06-01 | F75: 임베딩 모델 등록·전환 관리 ※ 임베딩 모델 서빙(API 엔드포인트) 및 실시간 모니터링은 LLM 서빙 관리 요구사항에서 통합 관리 | G75: 벡터 생성에 사용할 임베딩 모델을 등록·버전 관리하고, 모델 변경 시 재임베딩 파이프라인 자동 실행 및 무중단 전환을 지원하는 기능을 제공한다. | H75: RFP | I75: 제논 | J75: 벡터 DB 적재시 임베딩 모델을 등록·버전 관리하고, 모델 변경 시 재임베딩 파이프라인 자동 실행 및 무중단 전환을 지원하는 기능을 제공(임베딩 모델 서빙(API 엔드포인트) 및 실시간 모니터링은 LLM 서빙 관리 요구사항에서 통합 관리) | Q75: 완료 | R75: 수용 | S75: 수용 | T75: 46232
E76: SFR-003-06-02 | G76: (모델 등록) 임베딩 모델을 등록하고 버전별 이력을 관리하며, 모델별 차원 수·토큰 제한 등 주요 속성을 함께 기록 | H76: RFP | I76: 제논 | J76: 플랫폼에서 임베딩 모델을 등록, 버전별 이력 관리, 모델별 차원 수·토큰 제한 등 주요 속성 함께 기록 | Q76: 완료 | R76: 수용 | S76: 수용 | T76: 46232
E77: SFR-003-06-03 | G77: (모델 전환) 임베딩 모델 변경 시 전체 문서에 대한 재임베딩 파이 프라인을 자동 실행하여 벡터 DB 일관성 보장 | H77: RFP | I77: 제논 | J77: 임베딩 변경 시 전체 문서 자동 재임베딩 파이프라인 신규 개발하여 제공 | Q77: 완료 | R77: 수용 | S77: 수용 | T77: 46232
E78: SFR-003-06-04 | G78: 시스템은 (무중단 전환) Blue-Green 또는 Canary 방식으로 임베딩 모델 교체 시 서비스 중단 없이 전환하여야 한다. | H78: RFP | I78: 제논 | J78: 서킷 브레이커, 카나리 방식 지원하여 임베딩 모델 교체 시 서비스 중단 없이 전환 | Q78: 완료 | R78: 수용 | S78: 수용 | T78: 46232
E79: SFR-003-06-05 | G79: (롤백) 모델 전환 후 검색 품질 저하 감지 시 이전 임베딩 모델 및 벡터 인덱스로 즉시 롤백 | H79: RFP | I79: 제논 | J79: 모델 전환 후 검색 품질 저하 감지 시 이전 임베딩 모델 및 벡터 인덱스로 즉시 롤백하는 기능 신규 개발하여 제공 | Q79: 완료 | R79: 수용 | S79: 수용 | T79: 46232
E80: SFR-003-06-06 | G80: (변경 이력) 임베딩 모델 버전, 전환 일시, 재임베딩 처리 결과를 자동 기록하여 운영 감사에 활용 | H80: RFP | I80: 제논 | J80: 플랫폼에서 모델·서빙 리비전 이력 일부 제공, 재임베딩 결과 통합 감사 기록은 추가 개발하여 제공 | Q80: 완료 | R80: 수용 | S80: 수용 | T80: 46232
E81: SFR-003-07-01 | F81: 지식 저장소 통합 관리 및 벡터 인덱스 ※ 벡터 DB 백업 주기·보존 기간, HA 구성 방식은 위원회와 협의하여 확정 | G81: 벡터 DB 및 키워드 검색 엔진에 대한 CRUD 기능을 관리자가 웹 UI에서 수행 가능 | H81: RFP | I81: 제논 | J81: [Before] 벡터DB 적재에 대한 CRUD 기능은 플랫폼에서 제공, 검색 엔진 설정 (하이브리드 서치 비율 등)은 에이전트 로직 레벨에서 구현 (벡터 DB 백업 주기·보존 기간, HA 구성 방식은 위원회와 협의하여 확정) [After] 벡터 데이터 CRUD와 하이브리드 검색 가중치·문서 우선순위 설정을 관리자 Web UI 제공, 검색 엔진 설정 (하이브리드 서치 비율 등)은 에이전트 로직 레벨(Web UI 기반)에서 구현 (벡터 DB 백업 주기·보존 기간, HA 구성 방식은 수행사에서 표준안을 제시 후 위원회와 협의하여 확정) | K81: G열은 관리자 웹 UI에서의 수행을 요구하나 J열은 검색 엔진 설정을 에이전트 로직 레벨(코드) 구현으로 기재하여, 운영 단계에서 관리자가 직접 조정할 수 없는 수행방안으로 이해됨. 이는 SFR-004-02-02(키워드-벡터 가중치의 관리자 Web UI 조정) 및 SFR-010(정책 변경 관리)과 상충하므로 처리방안에 대한 수정 필요. 또한 벡터 DB백업 주기, 보존기간, HA 구성의 경우 수행사 측에서 유사사업을 고려한 초안을 제안해주길 요청 [3차 검토의견, 260822~23 검토] 편집 기능은 수행사에서 Web 기반 UI를 수용한 상태. 벡터DB 백업 주기, 보존기간, HA구성 방식에 대해 추가 협의 필요한 것으로 판단 | Q81: 완료 | R81: 수용 | S81: 수용 | T81: 46259
E82: SFR-003-07-02 | G82: (인덱스 관리) 인덱스 생성·삭제 및 파라미터 설정, 최적화(압축·재색인) 실행 | H82: RFP | I82: 제논 | J82: 플랫폼에서 인덱스 생성·삭제 및 파라미터 설정, 최적화(압축·재색인) 실행 기능 제공 | Q82: 완료 | R82: 수용 | S82: 수용 | T82: 46232
E83: SFR-003-07-03 | G83: (롤백) 재구축 완료 후 신규 인덱스로 자동 전환, 실패 시 기존 인덱스로 자동 롤백 | H83: RFP | I83: 제논 | J83: 재구축 완료 후 신규 인덱스로 자동 전환, 실패 시 기존 인덱스로 자동 롤백 기능 신규 개발하여 제공 | Q83: 완료 | R83: 수용 | S83: 수용 | T83: 46232
E84: SFR-003-07-04 | G84: (백업·복구) 벡터 DB 정기 백업 및 복구 절차 수립, 이중화 또는 HA 구성 방안 제안 포함 | H84: RFP | I84: 제논 | J84: 플랫폼에서 버전 관리로 백업 및 복구 기능 제공, HA 구성은 공통 기능으로 개발하여 기능 제공 | Q84: 완료 | R84: 수용 | S84: 수용 | T84: 46232
E85: SFR-003-08-01 | F85: 문서 큐레이션 대시보드 | G85: 시스템은 분류별 문서 현황(건수, 최종 갱신일, 유형별 분포)을 조회할 수 있는 대시보드 제공하여야 한다. | H85: RFP | I85: 제논 | J85: 플랫폼 대시보드에서 공통 기능으로 개발하여 기능 제공 | Q85: 완료 | R85: 수용 | S85: 수용 | T85: 46232
E86: SFR-003-09-01 | F86: 초기 구축 시 과거 시점 데이터 적재 ※ 이전 버전 소급 적재 범위는 운영 안정화 이후 위원회와 협의 | G86: As-of-Date 질의를 위한 과거 시점 데이터는 최근 1년(약 4~5개 버전) 대상 적재(기술협상 시 범위 확정) | H86: RFP | I86: 제논 | J86: [Before] 특정 시점 기준 질의를 위한 과거 시점 데이터는 최근 1년(약 4~5개 버전) 대상으로 적재 (이전 버전 소급 적재 범위는 운영 안정화 이후 위원회와 협의) [After] 과거데이터(2020.1~2026.6)를 통해 1차로 적재하고, 위원회에서 정의한 게시판은 추가로 적재 (추가 적재대상 DB 범위는 위원회에서 확정) | K86: '운영 안정화' 이후라면 27년 1월을 의미하는 것인지? 구 지식의 적재는 운영안정화가 아닌 개발단계에서 협의된 과거 시점 데이터를 함께 적재해야 시점데이터에 대한 답변 품질을 확인할 수 있을 것으로 추측. 안정화 이후 '구 지식'을 소급 적재했을 때 시점데이터에 대한 답변 품질이 낮을 경우 매우 심각한 문제일 것으로 염려 [3차 검토의견, 260822~23 검토] 최근 1년의 데이터(규정, 방법서, 매뉴얼 등)를 통한 1차 구현 시점, 테스트 통과 후 과거 데이터 추가 DB 적재 시점에 대한 시점 명확화 필요 | Q86: 완료 | R86: 수용 | S86: 수용 | T86: 46259
E87: SFR-003-09-02 | G87: 시스템은 위원회가 버전별 원본 문서 및 시행일 정보 제공하여야 한다. | H87: RFP | I87: 제논 | J87: 메타데이터에 원본 문서의 버전, 시행일 정보 포함, 버전별 원본 문서 및 시행일 정보 제공 | Q87: 완료 | R87: 수용 | S87: 수용 | T87: 46232
A88: 기능 요구사항 | B88: SFR-004 | C88: 검색 최적화 및 질의 처리 기능 | D88: [RAG 검색·생성] 용어사전, 하이브리드 검색, 질의 전처리·확장, 제도별 범위 제한, 재검색 보완 | E88: SFR-004-01-01 | F88: 도메인 특화 용어 사전 관리 | G88: 시스템은 채무조정 도메인 특화 용어에 대한 정의, 동의어, 유의어를 등록 · 수정 ·삭제할 수 있는 웹 UI 관리 기능 제공하여야 한다. | H88: RFP | I88: 제논 | J88: 플랫폼에서 채무조정 도메인 특화 용어에 대한 정의, 동의어, 유의어를 등록 · 수정 ·삭제할 수 있는 웹 UI 관리 기능 제공 | L88: · RAG 설계서 | Q88: 완료 | R88: 수용 | S88: 수용 | T88: 46232
E89: SFR-004-01-02 | G89: (기본 등록) 위원회 고유 용어를 기본 등록하여 제공 (목록은 위원회 제공) | H89: RFP | I89: 제논 | J89: 플랫폼에서 위원회 고유 용어를 기본 등록하여 제공(목록은 위원회 제공) | Q89: 완료 | R89: 수용 | S89: 수용 | T89: 46232
E90: SFR-004-01-03 | G90: 시스템은 (변경 이력) 변경 이력(변경자, 일시, 내용)을 버전별로 관리하여야 한다. | H90: RFP | I90: 제논 | J90: 플래폼에서 변경 이력(변경자, 일시, 내용)을 버전별로 관리할 수 있는 기능 제공 | Q90: 완료 | R90: 수용 | S90: 수용 | T90: 46232
E91: SFR-004-01-04 | G91: 시스템은 (영향범위 표시) 용어 변경 시 참조하는 영향범위를 사전 표시하여야 한다. | H91: RFP | I91: 제논 | J91: 용어 변경 시 참조 영향범위 사전 표시 공통 기능으로 개발하여 제공 | Q91: 완료 | R91: 수용 | S91: 수용 | T91: 46232
E92: SFR-004-01-05 | G92: 시스템은 (번역어) 영문 표준 번역어 필드 관리하여야 한다. | H92: RFP | I92: 제논 | J92: 용어사전 테이블에 번역어 필드 추가하여 제공 | Q92: 완료 | R92: 수용 | S92: 수용 | T92: 46232
E93: SFR-004-02-01 | F93: 하이브리드 검색 및 가중치 관리 | G93: 시스템은 벡터 유사도 검색과 키워드 검색을 결합한 하이브리드 검색 기능 제공하여야 한다. | H93: RFP | I93: 제논 | J93: 플랫폼에서 벡터 유사도 검색과 키워드 검색을 결합한 하이브리드 검색 기능 제공 | Q93: 완료 | R93: 수용 | S93: 수용 | T93: 46232
E94: SFR-004-02-02 | G94: (가중치 조정) 키워드-벡터 검색 가중치를 관리자가 웹 UI에서 조정 가능 | H94: RFP | I94: 제논 | J94: [Before] 플랫폼에서 키워드-벡터 검색 가중치를 관리자가 웹 UI에서 조정할 수 있도록 기능 제공 [After] 하이브리드 검색 가중치의 관리, 조정 수단을 관리자 Web UI로 제공 | K94: 본 항은 관리자 웹 UI 조정으로 기재되어 있으나, SFR-003-07-01의 J열은 동일 대상(하이브리드 검색 비율)을 '에이전트 로직 레벨 구현'으로 기재하여 상충함. 검색 가중치의 관리 주체와 조정 수단을 하나로 통일하여 양 항목을 통일해야 할 필요(Web UI가 요구사항) | Q94: 완료 | R94: 수용 | S94: 수용 | T94: 46255
E95: SFR-004-02-03 | G95: (문서 유형별 우선순위) 문서 유형(협약/세칙/방법서/공지 등)별 인용 우선순위 설정 및 부스팅 배율 조정 가능 | H95: RFP | I95: 제논 | J95: [Before] Agent 구현 시 유형 별 우선순위 적용 로직 추가개발하여 제공 [After] 문서 유형별 인용 우선순위와 부스팅 배율을 Web UI에서 조회·수정·초기화할 수 있도록 제공 | K95: 문서 유형별 인용 우선순위 및 부스팅 배율의 '조정 가능'을 요구하므로, 관리자가 운영 중 값을 변경할 수 있는 화면 제공이 필요함. J열의 로직 개발만으로는 운영 단계 조정이 불가하므로 관리자 설정 UI 제공 여부를 보완 요청 | Q95: 완료 | R95: 수용 | S95: 수용 | T95: 46255
E96: SFR-004-03-01 | F96: 질의 전처리 및 확장 | G96: 시스템은 사용자 질의의 품질을 높이기 위한 전처리 및 확장 기능 제공하여야 한다. | H96: RFP | I96: 제논 | J96: Agent 구현 시 질의 정제, 검색 품질 판단 로직 추가 개발하여 제공, MCP Tool로 구현하여 반복 활용할 수 있도록 구현 | Q96: 완료 | R96: 수용 | S96: 수용 | T96: 46232
E97: SFR-004-03-02 | G97: 시스템은 (용어 매핑) 사용자의 일상 언어를 전문 규정 용어로 자동 변환, 변환된 질의어를 사용자에게 표시하여야 한다. | H97: RFP | I97: 제논 | J97: 용어 매핑 및 Reasoning Box에 변환된 질의 포함하여 로직 구현 | Q97: 완료 | R97: 수용 | S97: 수용 | T97: 46232
E98: SFR-004-03-03 | G98: 시스템은 (동의어 확장) 용어 사전 기반 검색 자동 확장, 확장 적용 여부 및 검색어 목록 사용자에게 표시하여야 한다. | H98: RFP | I98: 제논 | J98: [Before] 용어 매핑 및 Reasoning Box에 변환된 질의 포함하여 로직 구현 [After] 모델의 CoT 서술이 아닌 별도 검색 투명성 영역에서 원질의, 정규화 질의, 확장 적용 여부, 동의어·확장 검색어 목록을 표시 필요 시 적용된 메타 필터·검색 방식·관련도 점수도 함께 확인할 수 있도록 SFR-015-03-01과 동일 원칙으로 구성 | K98: 확장 적용 여부 및 검색어 목록의 사용자 표시'에 대한 처리방안 부재. 더하여, 'Reasoning Box에 포함'은 모델 추론 서술 내 표기를 의미하는 것으로 보이나, 본 항은 변환된 질의어와 확장 검색어를 사용자가 명확히 인지할 수 있도록 표시하는 요건이므로, SFR-015-03-01 검토의견과 동일을 상호 참조 [3차 검토의견, 260822~23 검토] '질의 전처리'는 LLM 답변 품질의 핵심 요소로 생각하고 있으며, 정확한 질의 전처리를 위해서는 '용어사전'이 정겨하게 설계되어야 함. 상세요구사항의 '용어사전 기반 검색 자동 확장'과 '확장 적용 여부'가 그 세부 요건임. '용어사전'에 포함되어야 하는 구분값은 실무협의 단계에서 샘플을 제공한 바 있으며, 샘플 수준의 용어사전 구축 구현을 요청함. '확장 적용 여부'는 용어사전을 통한 질의 전처리 전/후 과정을 사용자 또는 운영부서에서 확인할 수 있는 기능을 제공하기를 요청한다는 내용임. | Q98: 완료 | R98: 수용 | S98: 수용 | T98: 46259
E99: SFR-004-03-04 | G99: (오타자 교정) 오타자·띄어쓰기 오류 자동 교정 | H99: RFP | I99: 제논 | J99: MCP 툴로 오타자·띄어쓰기 오류 자동 교정 기능 구현 | Q99: 완료 | R99: 수용 | S99: 수용 | T99: 46232
E100: SFR-004-03-05 | G100: (키워드 추출) 질의 문장에서 핵심 키워드 자동 추출 | H100: RFP | I100: 제논 | J100: MCP 툴로 질의 문장에서 핵심 키워드 자동 추출 로직 구현 적용 | Q100: 완료 | R100: 수용 | S100: 수용 | T100: 46232
...

Sheet 성능
A1: 요구사항정의서-비기능
A2: 사업명 | D2: 신용회복위원회 통합 AI 플랫폼 구축 사업 | H2: 업무 구분 | K2: 성능 요구사항 | P2: 작성자 | S2: 김현근
A3: 단계 | D3: 요구분석, 설계, 구현, 테스트, 전개 | H3: 작성일자 | K3: 2026.08.24 | P3: 버전 | S3: v.0.999
A5: 요구사항 분류 | B5: 요구사항 고유번호 | C5: 요구사항 명 | D5: 정의 | E5: 상세요구사항ID | F5: 상세요구사항명 | G5: 상세요구사항 설명 | H5: 요구사항 출처 | I5: 담당 수행사 | J5: 제약사항 및 처리(수행)방안 | K5: 위원회 검토 의견(26.8.12.) | L5: 산출정보(RFP 기준) | M5: 산출물(방법론 테일러링 결과서) | N5: 요구사항 상태 | O5: 중요도 | P5: 담당자 | Q5: 완료여부 | R5: 수행사 수용 여부 | S5: 위원회 수용 여부 | T5: 비고(변경처리내역 등)
A6: 성능 요구사항 | B6: PER-001 | C6: 성능 목표 수립 및 검수 기준 마련 | D6: 성능 목표 수립, 테스트·모니터링 체계 및 기술협상 검수 기준 마련 | E6: PER-001-01-01 | F6: [성능 목표 수립] | G6: 세부 아키텍처별 (AI 추론, 문서 처리, 검색, 웹 서비스 등) 성능 목표를 수립하고 달성 전략을 제안서에 포함 | H6: RFP | I6: 제논 | J6: AI 추론·문서처리·검색·웹 구간별 목표치·측정식·달성전략 수립 | L6: · 성능시험 계획서 · 성능시험 결과서 · 성능지표 정의서 · 통합 성능 테스트 시나리오 | Q6: 완료 | R6: 수용 | S6: 수용 | T6: 46246
E7: PER-001-01-02 | G7: 시스템은 성능 테스트 방안(부하 테스트, 스트레스 테스트 포함)을 수립하여야 한다. | H7: RFP | I7: 제논 | J7: 부하·스트레스 테스트 시나리오와 측정환경·합격기준 정의 | Q7: 완료 | R7: 수용 | S7: 수용 | T7: 46246
E8: PER-001-01-03 | G8: 성능 모니터링 및 이상 징후 탐지 체계를 구축 | H8: RFP | I8: 제논 | J8: 응답시간·오류율·자원사용률 모니터링 및 임계치 알림 구성 | Q8: 완료 | R8: 수용 | S8: 수용 | T8: 46246
E9: PER-001-01-04 | G9: 성능 병목 발생 시 대응 절차를 마련 | H9: RFP | I9: 제논 | J9: 병목 구간 식별→원인분석→튜닝→재시험 절차 수립 | Q9: 완료 | R9: 수용 | S9: 수용 | T9: 46246
E10: PER-001-02-01 | F10: [PER 공통 기술협상 협의 사항] | G10: PER 항목의 정량적 수치는 위원회가 요구하는 '목표 최소 합격 기준'이며, 사업자는 제안서에 각 항목별 달성 목표를 동 기준 이상으로 명시하는 것을 원칙으로 한다. | H10: RFP | I10: 제논 | J10: RFP 정량값을 최소 합격선으로 적용하고 항목별 상향 목표 제시 | Q10: 완료 | R10: 수용 | S10: 수용 | T10: 46246
E11: PER-001-02-02 | G11: 단, 현재 AI 기술 및 구현 환경의 한계로 인하여 부득이하게 상기 목표 기준 달성이 어렵다고 판단되는 항목에 대해서는, 제안서에 그 명확한 기술적 사유와 함께 '현실적으로 달성 가능한 대안 목표값'을 명시하여 제안할 수 있다. | H11: RFP | I11: 제논 | J11: 달성 곤란 항목은 기술 근거와 현실적 대안 목표값을 제시해 위원회 협의 | Q11: 완료 | R11: 수용 | S11: 수용 | T11: 46246
E12: PER-001-02-03 | G12: 항목별 최종 검수 합격 기준(목표값)은 제안사가 제시한 기술적 근거를 바탕으로 기술협상 시 위원회와 상호 협의하여 최종 확정한다. | H12: RFP | I12: 제논 | J12: 제안 목표와 기술 근거를 기준으로 기술협상에서 최종 합격값 확정 | Q12: 완료 | R12: 수용 | S12: 수용 | T12: 46246
A13: 성능 요구사항 | B13: PER-002 | C13: 웹 페이지 응답·문서 변환·검색 응답 성능 | D13: 웹 페이지 응답, 문서 파싱·변환 처리, 벡터 검색 응답 등 정량 기준 | E13: PER-002-01-01 | F13: [웹 페이지 응답 시간] | G13: 웹 페이지(관리자 대시보드, Agent 대화 화면, 검수 UI 등)는 사용 자 요청 시점부터 화면 렌더링 완료까지 3초 이내 응답 | H13: RFP | I13: 제논 | J13: 관리자·Agent·검수 UI 화면 렌더링 3초 이내 기준으로 계측 | L13: · PER-001 산출물에 포함 | Q13: 완료 | R13: 수용 | S13: 수용 | T13: 46246
E14: PER-002-01-02 | G14: 다음의 경우 예외 적용 · AI 추론이 포함된 페이지 · 5,000건 이상의 대량 데이터를 조회하는 경우 · 500KB 이상의 이미지를 포함하는 페이지 · 시스템 부하율이 70%를 초과하는 경우 | H14: RFP | I14: 제논 | J14: AI 추론·대량조회·대용량 이미지·고부하 조건은 예외구간으로 분리 측정 | Q14: 완료 | R14: 수용 | S14: 수용 | T14: 46246
E15: PER-002-02-01 | F15: [대용량 처리 지연 안내] | G15: 처리 시간이 5초를 초과하는 요청은 사용자에게 진행 상태 메시지 또는 프로그레스 바를 표시하여야 한다. | H15: RFP | I15: 제논 | J15: 5초 초과 작업에 진행상태 메시지 또는 프로그레스 바 표시 | Q15: 완료 | R15: 수용 | S15: 수용 | T15: 46246
E16: PER-002-03-01 | F16: [문서 변환 성능] | G16: 다중 포맷 문서(PDF, HWP, DOCX 등)의 파싱 및 HWP→PDF 변환 처리 성능 목표 수립 및 측정 | H16: RFP | I16: 제논 | J16: [Before] PDF·HWP·DOCX 파싱 및 HWP→PDF 변환을 포맷·용량별로 성능 측정 [After] PDF·HWPX·DOCX·PPT/PPTX 파싱 및 HWPX→PDF 변환을 포맷·용량별로 성능 측정 PDF·HWPX·DOCX·PPT/PPTX 등 포맷과 문서 용량·페이지 구간별 처리시간 목표 초안을 제시 목표값과 측정환경·반복횟수·합격기준을 위원회와 합의한 후 성능시험을 수행하고 결과를 제출 | K16: 성능 목표 수립에 대한 내용 없이 '측정'만 수행방안으로 제시되어 있음. 목표 제시-발주사 협의-성능측정 방식으로 수행 필요 다중 포맷 문서 파싱 대상의 '등'에 근거하여 PPT(PPTX) 추가 요청 | Q16: 완료 | R16: 수용 | S16: 수용 | T16: 46255
E17: PER-002-04-01 | F17: [검색 응답 성능] | G17: 단일 질의 검색 응답: 1초 이내 | H17: RFP | I17: 제논 | J17: 단일 질의 검색 응답 1초 이내 부하시험 | Q17: 완료 | R17: 수용 | S17: 수용 | T17: 46246
E18: PER-002-04-02 | G18: 하이브리드 검색(키워드+벡터) 합산 응답: 3초 이내 | H18: RFP | I18: 제논 | J18: 키워드+벡터 하이브리드 검색 3초 이내 부하시험 | Q18: 완료 | R18: 수용 | S18: 수용 | T18: 46246
A19: 성능 요구사항 | B19: PER-003 | C19: AI 서비스 유형별 동시접속 및 응답 성능 | D19: 서비스 유형별 동시접속·응답시간 및 시스템 자원 사용률 기준 | E19: PER-003-01-01 | F19: [사용자 그룹 정의 및 접속 형태: 총 928명] ※ 상기 인원은 ‘28년 말 기준 인력현황을 가정 | G19: [그룹A] 콜센터 상담사: '콜센터 상담 어시스턴트' 전용. STT 분석은 기 구축된 자원을 활용하며, 본 접속 형태에서는 상담 중 사용자의 LLM 호출 액션을 트리거(통화당 3회 이내)로 하여 추천 상담 스크립트(3종 이내)를 제공하는 기능에 한정함. (※ 참고: 일평균 콜 약 22,000건) · 대상 인원: 228명 · 활성사용율: 90% (휴가 등) · 통화가동률: 70% (동시 통화 진행 인력) · 동시성계수: 20% (통화 중 호출 시점의 중첩 확률) · 최종 동시접속자: 30명 (228명 * 90% * 70% * 20%) | H19: RFP | I19: 위고 | J19: 콜센터 228명·동시 30명 기준, 통화당 3회 이내 추천 스크립트 호출 부하 검증 | L19: · PER-001 산출물에 포함 | Q19: 완료 | R19: 수용 | S19: 수용 | T19: 46246
E20: PER-003-01-02 | G20: [그룹B] 상담부서(지부): 'Agent 상담지식'을 주로 사용하며, 그 외 AI 서비스도 허용. (※ 참고: 일평균 상담건수 12건, 평균 상담시간 30분, 1인이 상담 1건 당 2회 사용 가정) · 대상 인원: 433명 · 활성사용율: 85% (휴가, 출장 등) · 동시성계수: 15% (챗봇 호출 시점의 중첩 확률) · 최종 동시접속자: 55명 (433명 * 85% * 15%) | H20: RFP | I20: 제논 | J20: 상담부서 433명·동시 55명 기준 Agent 상담지식 혼합 부하 검증 | Q20: 완료 | R20: 수용 | S20: 수용 | T20: 46246
E21: PER-003-01-03 | G21: [그룹C] 지원부서(본부): 그룹 A, B의 메인기능을 제외한 기능을 주로 사용함 · 대상 인원: 268명 · 활성사용율: 85% (휴가 등) · 동시성계수: 10% · 최종 동시접속자: 23명 (268명 * 85% * 10%) | H21: RFP | I21: 제논 | J21: 지원부서 268명·동시 23명 기준 기타 Agent 혼합 부하 검증 | Q21: 완료 | R21: 수용 | S21: 수용 | T21: 46246
E22: PER-003-02-01 | F22: 콜센터 상담 어시스턴트(SFR) 성능 | G22: 시스템은 상담사의 AI 호출 액션(추천 스크립트 요청) 시, 스트리밍 첫 토큰 응답 시간 5초 이내를 보장하여야 한다(동시 LLM 요청 약 30 건 기준). 측정 구간은 상담사가 AI 호출 버튼을 클릭한 시점부터 첫 토큰이 UI에 표시되는 시점까지로 하며, STT 수신 및 백그라운드 맥 락 분석 시간은 측정 구간에 포함하지 않는다. | H22: RFP | I22: 위고 | J22: 동시 LLM 30건에서 호출 클릭→첫 토큰 표시 5초 이내 검증(STT·백그라운드 분석 제외) | Q22: 완료 | R22: 수용 | S22: 수용 | T22: 46246
E23: PER-003-03-01 | F23: Agent 상담지식 성능 | G23: 시스템은 상담지식 Agent의 단일 질의에 대해, 의도 분류·라우팅·검 색·응답 생성을 포함한 end-to-end 스트리밍 첫 토큰 응답 시간 5초 이내를 보장하여야 한다(동시접속자 55명 기준). | H23: RFP | I23: 제논 | J23: 동시 55명에서 의도분류·라우팅·검색·생성 포함 첫 토큰 5초 이내 검증 | Q23: 완료 | R23: 수용 | S23: 수용 | T23: 46246
E24: PER-003-04-01 | F24: 그 외 Agent | G24: 시스템 그 외 Agent의 스트리밍 첫 토큰 응답 시간 10초 이내를 보 장하여야 한다(동시접속자 23명 기준).P | H24: RFP | I24: 제논 | J24: 동시 23명에서 기타 Agent 첫 토큰 10초 이내 검증 | Q24: 완료 | R24: 수용 | S24: 수용 | T24: 46246
E25: PER-003-04-02 | G25: 단, Agent 데이터 길잡이는 코드 생성·실행·결과 정리를 포함한 전체 응답 완료 시간은 20초 이내를 보장하여야 한다(동시접속자 23명 기준). | H25: RFP | I25: 제논 | J25: PER-003-04-02 에서 전체 응답 완료 시간 20초 이내를요구에 대해 다음의 2가지 케이스로 분리하여 1번 항목에서만 20초 이내 답변. 1) 데이터에 따라 파라미터만 바뀌는 수준의 코드 생성 2) 자유 분석 및 고급 통계 분석, 대용량 데이터 입력 [26.07.30 Agent 개발 요구사항 논의] | Q25: 완료 | R25: 수용 | S25: 수용 | T25: 46259
E26: PER-003-05-01 | F26: [시스템 자원 사용률 기준] | G26: 시스템은 PER에서 정의한 동시접속 환경(108명)에서 다음 자원 사용률 기준을 충족하여야 한다. | H26: RFP | I26: 제논 | J26: 동시접속 108명 부하에서 CPU·메모리·GPU 사용률 기준 검증 | Q26: 완료 | R26: 수용 | S26: 수용 | T26: 46246
E27: PER-003-05-02 | G27: CPU 평균 사용률: 서비스 가용시간(09:00~18:00) 동안 70% 이하 | H27: RFP | I27: 제논 | J27: 업무시간 CPU 평균 사용률 70% 이하 모니터링 | Q27: 완료 | R27: 수용 | S27: 수용 | T27: 46246
E28: PER-003-05-03 | G28: 메모리 평균 사용률: 서비스 가용시간 동안 80% 이하 | H28: RFP | I28: 제논 | J28: 업무시간 메모리 평균 사용률 80% 이하 모니터링 | Q28: 완료 | R28: 수용 | S28: 수용 | T28: 46246
E29: PER-003-05-04 | G29: GPU 사용률: 피크 부하 시 GPU당 평균 사용률 85% 이하 (LLM 추론 특성상 순간 100% 도달은 허용하되, 5분 평균 기준 적용. 상시 95% 이상 지속 시 자원 증설 필요 판정) | H29: RFP | I29: 제논 | J29: 피크 부하 GPU 5분 평균 85% 이하, 상시 95% 초과 시 증설 판단 | Q29: 완료 | R29: 수용 | S29: 수용 | T29: 46246
E30: PER-003-05-05 | G30: 상기 기준은 정상 운영 상태에서 적용하며, 배치 파이프라인 실행(증 분 인덱싱, 재임베딩 등) 시간대는 위원회와 협의하여 측정 대상에서 제외할 수 있다. | H30: RFP | I30: 제논 | J30: 증분 인덱싱·재임베딩 배치시간은 위원회 협의 후 측정구간에서 분리 | Q30: 완료 | R30: 수용 | S30: 수용 | T30: 46246
A31: 성능 요구사항 | B31: PER-004 | C31: RAG 응답 정확도·환각률·문서 분류 | D31: RAG 정확도·환각률·출처 정밀도, 문서 분류·메타데이터·검색 품질 | E31: PER-004-01-01 | F31: [RAG 응답 정확도] | G31: 위원회 제공 테스트케이스(정답 문항 최소 50개 이상)에서 응답 정확도 측정 · 최소 합격 기준: 85% 이상 · 목표 정확도: 90% 이상 | H31: RFP | I31: 제논 | J31: 위원회 정답셋 50건 이상으로 응답 정확도 85% 합격·90% 목표 검증 | L31: · PER-001 산출물에 포함 · 조치결과보고서(성능 미달 시 보완•수정 결과) | Q31: 완료 | R31: 수용 | S31: 수용 | T31: 46246
E32: PER-004-02-01 | F32: [환각률(Hallucination Rate)] | G32: 테스트케이스 기준 10% 이하 | H32: RFP | I32: 제논 | J32: 위원회 테스트케이스 기준 환각률 10% 이하 검증 | Q32: 완료 | R32: 수용 | S32: 수용 | T32: 46246
E33: PER-004-03-01 | F33: [출처 인용 정밀도] | G33: 85% 이상 | H33: RFP | I33: 제논 | J33: 답변 근거의 출처 인용 정밀도 85% 이상 검증 | Q33: 완료 | R33: 수용 | S33: 수용 | T33: 46246
E34: PER-004-04-01 | F34: [문서 자동 분류 정확도] | G34: · 85% 이상 · 검수 방법: 위원회 제공 검증 데이터셋 기반 측정 | H34: RFP | I34: 제논 | J34: 위원회 검증셋으로 문서 자동분류 정확도 85% 이상 측정 | Q34: 완료 | R34: 수용 | S34: 수용 | T34: 46246
E35: PER-004-05-01 | F35: [메타데이터 자동 추출 정확도] | G35: 문서 내 핵심 메타데이터(시행일, 폐지일, 적용대상, 제도구분) 자동 추출 정확도. · 최소 합격 기준 85% (문서 단위 측정: 검증 데이터셋 내 문서 중 필수 메타데이터 전 항목이 정확히 추출된 문서의 비율로 산정) | H35: RFP | I35: 제논 | J35: 시행일·폐지일·적용대상·제도구분 전 항목 일치 문서 비율 85% 이상 검증 | Q35: 완료 | R35: 수용 | S35: 수용 | T35: 46246
E36: PER-004-06-01 | F36: [도메인 용어 검색 재현율] | G36: · 85% 이상 · 검수 방법: 위원회 제공 검증 데이터셋 기반 측정 | H36: RFP | I36: 제논 | J36: 위원회 용어 검증셋으로 검색 재현율 85% 이상 측정 | Q36: 완료 | R36: 수용 | S36: 수용 | T36: 46246
E37: PER-004-07-01 | F37: [검수 기준] | G37: 검수 샘플 규모·측정 방법은 기술협상 시 협의하여 확정한다. | H37: RFP | I37: 제논 | J37: 샘플 규모·산식·판정기준을 기술협상에서 협의·확정 | Q37: 완료 | R37: 수용 | S37: 수용 | T37: 46246
A38: 성능 요구사항 | B38: PER-005 | C38: RAG 이상 징후 탐지·벡터 DB 복구(RTO) | D38: RAG 품질 이상 징후 탐지·알림, 벡터 DB 장애 시 복구(RTO) | E38: PER-005-01-01 | F38: [이상 징후 탐지 기본 원칙] | G38: RAG 품질 모니터링 대시보드에서 다음 지표의 이상 징후 탐지 및 관리자 알림 제공 · 환각률 급증 · 응답 시간 지연 · 검색 실패율 급증 · 응답 정확도 하락 | H38: RFP | I38: 제논 | J38: 환각률·응답지연·검색실패율·정확도 저하를 대시보드에서 탐지·알림 | L38: · PER-001 산출물에 포함 | Q38: 완료 | R38: 수용 | S38: 수용 | T38: 46246
E39: PER-005-01-02 | G39: 각 지표의 임계값은 관리자가 웹 UI에서 직접 조정 가능하도록 구현 | H39: RFP | I39: 제논 | J39: 이상징후 임계값과 알림정책을 관리자 Web UI에서 조정 | Q39: 완료 | R39: 수용 | S39: 수용 | T39: 46246
E40: PER-005-02-01 | F40: [벡터 DB 복구 시간(RTO)] | G40: 벡터 DB 장애 발생 시 백업 데이터 활용 전체 복구 필요 | H40: RFP | I40: 제논 | J40: 벡터DB 장애 시 백업 기반 전체 복구 및 RTO 측정 | Q40: 완료 | R40: 수용 | S40: 수용 | T40: 46246
E41: PER-005-02-02 | G41: 운영 중 데이터 규모 증가에 따른 RTO 재산정은 운영 단계에서 별도 협의 | H41: RFP | I41: 제논 | J41: 데이터 증가량을 반영해 운영 단계 RTO 재산정 | Q41: 완료 | R41: 수용 | S41: 수용 | T41: 46246
E42: PER-005-03-01 | F42: [기술협상 협의 사항] | G42: 임계값 기본값 및 알림 정책의 세부사항은 기술협상 시 위원회와 상호 협의하여 최종 확정한다. | H42: RFP | I42: 제논 | J42: 임계값 기본값·알림 채널·에스컬레이션 기준을 기술협상에서 확정 | Q42: 완료 | R42: 수용 | S42: 수용 | T42: 46246
A43: 성능 요구사항 | B43: PER-006 | C43: LLMOps, RAGOps, 콜센터 어시스턴트, 디지털상담부 TA | D43: LLMOps, RAGOps, 콜센터 어시스턴트, 디지털상담부 TA | E43: PER-006-01-01 | F43: LLMOps, RAGOps, 콜센터 어시스턴트, 디지털상담부 TA | G43: - RFP와 제안서 정합성 검토 및 구현 - 사업자는 LLMOps, RAGOps, 콜센터 상담 어시스턴트, 디지털상담부 TA 구성에 있어 RFP와 제안서, 회의록의 정합성을 100% 맞추어야 함 | H43: 기술협상서 | I43: 제논 | J43: [Before] - RFP 요구사항 100% 수용 및 구현, 관련법, 규정 준수 - 제안 내용 이행 여부를 점검하기 위해 착수 시점에 성능 평가 지표(RAG 정확도, 응답속도, 환각률 통제 등)의 구체적 목표 수치와 측정 방안을 제출하여 위원회의 승인을 득함 [After] - RFP 요구사항 100% 수용 및 구현, 관련법, 규정 준수 - RFP뿐 아니라 제안서·기술협상서·회의록까지 요구사항 추적 매트릭스에 매핑하여 정합성을 점검 - 착수 시 성능평가지표와 측정방안을 제출하고, 문서 간 상충 시 기술협상서 및 위원회 승인 기준에 따라 반영 - 제안 내용 이행 여부를 점검하기 위해 착수 시점에 성능 평가 지표(RAG 정확도, 응답속도, 환각률 통제 등)의 구체적 목표 수치와 측정 방안을 제출하여 위원회의 승인을 득함 | K43: 제안서·회의록 정합성에 대한 언급이 누락됨. 보완 필요. | Q43: 완료 | R43: 수용 | S43: 수용 | T43: 46255
A44: 성능 요구사항 | B44: PER-007 | C44: 성능 평가·검수 기준 | D44: 성능 평가·검수 기준 | E44: PER-007-01-01 | F44: 성능 평가·검수 기준 | G44: - 응답 성능, RAG 정확도 및 환각률, RAG 이상 징후 임계값 등 제안요청서의 성능요구사항 충족여부 검증 - RAG 성능은 단순 벡터 유사도 지표가 아니라, 위원회 업무 시나리오에 맞는 정답률, 근거 정확성, 최신성, 상담원 전환 적절성을 포함하여 평가 | H44: 기술협상서 | I44: 제논 | J44: 별첨으로 사업자가 제시한 성능평가지표를 최저 성능기준으로 잡고, 성능 검수의 최종 합격 여부는 벡터 유사도·자동채점 결과만으로 판정하지 아니하며, 위원회가 지정·제출하는 실업무 시나리오에 대한 정답률, 근거(출처) 정확성, 정보 최신성, 상담원 전환 등 예외처리 적절성을 위원회가 종합 평가하여 판정. 합격 판정 권한은 위원회에 있음 | Q44: 완료 | R44: 수용 | S44: 수용 | T44: 46246
A45: 성능 요구사항 | B45: PER-008 | C45: (PSR-002) 안정화·하자보수 – SLA 항목·기준 및 장애 등급별 대응 시간 | D45: (PSR-002) 안정화·하자보수 – SLA 항목·기준 및 장애 등급별 대응 시간 | E45: PER-008-01-01 | F45: 서비스 수준(SLA) 항목·기준 및 장애등급별 대응시간 확정 | G45: 서비스 수준(SLA) 항목·기준 및 장애등급별 대응시간 확정 | H45: 기술협상서 | I45: 제논 | J45: - 사업자가 별첨으로 제시한 장애 등급별 대응시간을 기준으로 설정 - 서비스 가용성(계층별, 최소가용성 99.9% 이상) - 보고의무(장애/복구, 월간SLA이행 등) - 점검기준 및 SLA 미달 시 페널티 - 사업 착수 후 구축 기간 동안 실측 데이터를 기반으로 위원회·사업자 간 협의를 거쳐 최종 SLA를 확정(실측 기반 조정은 본 표 기준을 상향(강화)하는 방향으로만 가능) - 기준 미달 시 패널티(유지보수 대금 등) 적용 - 최종 SLA 확정 권한은 위원회에 있으며, 사업자는 정당한 사유 없이 이를 거부할 수 없음 | Q45: 완료 | R45: 수용 | S45: 수용 | T45: 46246

Sheet 시스템장비
A1: 요구사항정의서-비기능
A2: 사업명 | D2: 신용회복위원회 통합 AI 플랫폼 구축 사업 | H2: 업무 구분 | K2: 시스템장비 요구사항 | P2: 작성자 | S2: 김현근
A3: 단계 | D3: 요구분석, 설계, 구현, 테스트, 전개 | H3: 작성일자 | K3: 2026.08.24 | P3: 버전 | S3: v.0.999
A5: 요구사항 분류 | B5: 요구사항 고유번호 | C5: 요구사항 명 | D5: 정의 | E5: 상세요구사항ID | F5: 상세요구사항명 | G5: 상세요구사항 설명 | H5: 요구사항 출처 | I5: 담당 수행사 | J5: 제약사항 및 처리(수행)방안 | K5: 위원회 검토 의견(26.8.12.) | L5: 산출정보(RFP 기준) | M5: 산출물(방법론 테일러링 결과서) | N5: 요구사항 상태 | O5: 중요도 | P5: 담당자 | Q5: 완료여부 | R5: 수행사 수용 여부 | S5: 위원회 수용 여부 | T5: 비고(변경처리내역 등)
A6: 시스템 장비 요구사항 | B6: ECR-001 | C6: 시스템 납품 및 계약 조건 | D6: 시스템 납품 및 계약 기준 정의 | E6: ECR-001-01-01 | F6: [시스템 납품 및 계약 조건] | G6: 제안요청서 사양은 최소 기준이며, 사업자는 성능·확장성을 고려한 최적 구성을 제안하여야 한다. | H6: RFP | I6: 제논 | J6: RFP 최소사양 기준 성능·확장성 검토 및 최적 구성안 제시 | L6: · 요구사항 충족 매핑표 · 납품확인서 · 정품 확인서(제품보증서) · 라이선스 증서 (상용 SW•구독형 포함) · 제조사 기술지원확약서 (HW•SW) · 제조사 물품공급확약서 | Q6: 완료 | R6: 수용 | S6: 수용 | T6: 46246
E7: ECR-001-01-02 | G7: HW/SW/NW 구성은 상호연동성, 운영편의성, 비용효율성을 고려하여 설계하여야 한다. | H7: RFP | I7: 제논 | J7: H/W·S/W·N/W 상호연동성·운영편의성·비용효율성 기반 구성 설계 | Q7: 완료 | R7: 수용 | S7: 수용 | T7: 46246
E8: ECR-001-01-03 | G8: 제안 구성에 대한 요구사항 충족 여부 매핑표를 제출하여야 한다. | H8: RFP | I8: 제논 | J8: 도입 구성별 요구사항 충족 매핑표 작성·제출 | Q8: 완료 | R8: 수용 | S8: 수용 | T8: 46246
E9: ECR-001-01-04 | G9: 모든 도입 제품은 정품 및 최신 안정화 버전으로 구성하되 제조사/커뮤니티의LTS 또는 프로덕션 권장 버전을 우선 적용 하여야 한다. | H9: RFP | I9: 제논 | J9: 정품·최신 안정화/LTS 버전 적용 및 제조사 기술지원 체계 확보 | Q9: 완료 | R9: 수용 | S9: 수용 | T9: 46246
E10: ECR-001-01-05 | G10: 납품되는 서버는 직접 제조사의 정품이어야 하며, 기존 운영 인프라(Dell, HP 계열)와의 관리 일관성 확보를 위해 동일 벤더 또는 동등 수준의 통합 관리 솔루션 지원 방안을 제안서에 명시하여야 한다.대해서는 제조사 기술지원 체계를 명시한다. | H10: RFP | I10: 제논 | J10: 제조사 정품 서버 적용, 기존 Dell·HP 인프라와 동등한 통합관리 및 5년 기술지원 체계 명시 | Q10: 완료 | R10: 수용 | S10: 수용 | T10: 46246
E11: ECR-001-01-06 | G11: 라이선스는 설치형 우선으로 하며, 구독형은 최소 1년 이상 포함하여야 한다. | H11: RFP | I11: 제논 | J11: 설치형 라이선스 우선 적용, 구독형은 최소 1년 이상 확보 | Q11: 완료 | R11: 수용 | S11: 수용 | T11: 46246
E12: ECR-001-01-07 | G12: 납품 장비는 최소 5년 이상 Warranty 및 기술지원이 가능하여야 한다. | H12: RFP | I12: 제논 | J12: 납품 장비는 최소 5년 이상 Warranty 및 기술지원이 가능 | Q12: 완료 | R12: 수용 | S12: 수용 | T12: 46246
E13: ECR-001-01-08 | G13: 설치, 커스터마이징, 테스트, 전환 작업은 사업자가 수행한다. | H13: RFP | I13: 제논 | J13: 설치, 커스터마이징, 테스트, 전환 작업은 사업자가 수행 | Q13: 완료 | R13: 수용 | S13: 수용 | T13: 46246
E14: ECR-001-01-09 | G14: 추가 HW/SW 필요 시 상호 협의하여 반영한다. | H14: RFP | I14: 제논 | J14: 추가 HW/SW 필요 시 협의하여 반영 다만, 과업범위를 초과(과업 예산범위를 초과)하는 경우 과업변경절차에 따라 위원회와 협의하여 상호 합의된 범위에서 반영함 | Q14: 완료 | R14: 수용 | S14: 수용 | T14: 46246
E15: ECR-001-01-10 | G15: 동급 이상의 대체 아키텍처 및 기술 적용을 허용한다. | H15: RFP | I15: 제논 | J15: 동급 이상의 대체 아키텍처 및 기술 적용을 허용 다만, 대체 아키텍처 및 기술적용 필요 시 허용 적용 범위는 위원회와 협의하여 상호 합의된 범위에서 적용함 | Q15: 완료 | R15: 수용 | S15: 수용 | T15: 46246
A16: 시스템 장비 요구사항 | B16: ECR-002 | C16: 논리 아키텍처 및 서비스 구성 | D16: AI 서비스 중심 시스템 구조 정의 | E16: ECR-002-01-01 | F16: [논리 아키텍처 및 서비스 구성] | G16: AI 플랫폼, RAG 기반 검색, 상담 어시스턴트 기능을 포함한 구조를 구성하여야 한다. | H16: RFP | I16: 제논 | J16: AI 플랫폼, RAG 기반 검색, 상담 어시스턴트 기능을 포함한 구조를 구성 | L16: · 시스템 아키텍처 설계서 · 네트워크 구성도 | Q16: 완료 | R16: 수용 | S16: 수용 | T16: 46246
E17: ECR-002-01-02 | G17: 각 구성요소는 모듈화되어 독립적 확장 및 변경이 가능하여야 한다. | H17: RFP | I17: 제논 | J17: 각 구성요소는 모듈화되어 독립적 확장 및 변경이 가능 | Q17: 완료 | R17: 수용 | S17: 수용 | T17: 46246
E18: ECR-002-01-03 | G18: 데이터 처리 구조(데이터 플랫폼, 파이프라인 등)는 선택적으로 제안할 수 있다. | H18: RFP | I18: 제논 | J18: 데이터 처리 구조(데이터 플랫폼, 파이프라인 등)는 수행사 도입 플랫폼을 기본적으로 사용하는 것을 원칙으로하며, 처리구조에 대한 위원회 별도 의견이 있는 경우, 위원회와 협의하여 적용함 | Q18: 완료 | R18: 수용 | S18: 수용 | T18: 46246
E19: ECR-002-01-04 | G19: 기존 계정계, KMS, 그룹웨어 등 내부 시스템과 연계 가능한 구조를 제공하되 구현 범위 및 허용에 대한 부분은 협의 후 진행한다. | H19: RFP | I19: 제논 | J19: 계정계·KMS·그룹웨어 연계 구조 적용, 구현범위는 위원회 협의·확정 | Q19: 완료 | R19: 수용 | S19: 수용 | T19: 46246
E20: ECR-002-01-05 | G20: 표준 API 기반 연계를 지원해야 하며 시스템 간 결합도를 최소화하여야 한다. | H20: RFP | I20: 제논 | J20: 표준 API 기반 연계를 지원하고 시스템 간 결합도를 최소화 | Q20: 완료 | R20: 수용 | S20: 수용 | T20: 46246
E21: ECR-002-01-06 | G21: 특정 제품, 특정 아키텍처(Kubernetes, 특정 DB 등)에 종속되지 않아야 한다. | H21: RFP | I21: 제논 | J21: 특정 제품, 특정 아키텍처(Kubernetes, 특정 DB 등)에 종속되지 않도록 시스템 구조를 설계 및 적용 | Q21: 완료 | R21: 수용 | S21: 수용 | T21: 46246
A22: 시스템 장비 요구사항 | B22: ECR-003 | C22: 인프라 및 HW 구성 | D22: 시스템 인프라 및 장비 구성 기준 정의 | E22: ECR-003-01-01 | F22: [인프라 및 HW 구성] | G22: 성능 및 용량 요구사항 · 동시 사용자 및 업무 처리량을 고려한 인프라를 구성하여야 한다. · AI 추론 처리 시 응답속도 및 처리량 기준을 충족하여야 한다. · 데이터 저장 및 검색 성능을 보장하여야 한다. | H22: RFP | I22: 제논 | J22: · 동시 사용자 및 업무 처리량을 고려한 인프라를 구성 · AI 추론 처리 시 응답속도 및 처리량 기준을 충족하는 인프라를 구성 · 데이터 저장 및 검색 성능을 보장하는 인프라를 구성 | L22: · 인프라 설계서 (물리•논리 구성) · H/W 구성도 및 시스템 구성도 · 네트워크 구성도 · 규격 확인서 (CPU•GPU•Memory 등 세부 사양 대조) · 장비설치 계획서 · 설치확인서(설치결과서) | Q22: 완료 | R22: 수용 | S22: 수용 | T22: 46246
E23: ECR-003-01-02 | G23: 확장성 및 가용성 · Compute, Storage, Network 자원은 수평 확장이 가능하여야 한다. · 장애 발생 시 서비스 지속이 가능한 고가용성(HA) 구조를 제공하여야 한다. 단, 학습 노드 및 모델 서빙용 스토리지(All-Flash NAS)는 단일 장비 구성을 허용하며, 장애 발생 시 이미 기동된 추론 서비스는 유지되나 신규 기동 및 모델 교체가 제한될 수 있음을 인지한다. NAS 장애에 대한 백업·복구SLA(RTO/RPO)는 별도 정의한다. · 시스템 증설 시 서비스 중단 없이 확장 가능하여야 한다. | H23: RFP | I23: 제논 | J23: · Compute, Storage, Network 자원은 수평 확장이 가능하도록 인프라 구성 · 장애 발생 시 서비스 지속이 가능한 고가용성(HA) 구조를 제공. 단, 학습 노드 및 모델 서빙용 스토리지(All-Flash NAS)는 단일 장비로 구성, 장애 발생 시 이미 기동된 추론 서비스는 유지되나 신규 기동 및 모델 교체가 제한될 수 있음. NAS 장애에 대한 백업·복구SLA(RTO/RPO)는 별도 정의 · 시스템 증설 시 서비스 중단 없이 확장 가능하도록 인프라 구성 | Q23: 완료 | R23: 수용 | S23: 수용 | T23: 46246
E24: ECR-003-01-03 | G24: HW 구성 요구사항 (구색) · GPU 기반 AI 연산 처리가 가능한 인프라를 구성하여야 한다. · 고성능 스토리지(NAS/SAN/분산스토리지 등)를 구성하여야 한다. · 고속 네트워크(10GbE 이상)를 지원하여야 한다. · 서버, 스토리지, 네트워크 장비는 이중화 구성을 고려하여야 한다. | H24: RFP | I24: 제논 | J24: · GPU 기반 AI 연산 처리가 가능한 인프라를 구성 · 고성능 스토리지(NAS/SAN/분산스토리지 등)를 구성 · 고속 네트워크(10GbE 이상)를 지원하는 인프라 구성 · 서버, 스토리지, 네트워크 장비는 이중화 구성 | Q24: 완료 | R24: 수용 | S24: 수용 | T24: 46246
E25: ECR-003-01-04 | G25: 참조 구성(최종 목표 형상) · GPU: NVIDIA H200 141GB × 8장(LLM 학습·대규모 추론) · GPU: NVIDIA L40S 48GB × 2장(서비스 추론·개발·검증·콜센터) · 컨테이너 오케스트레이션: Kubernetes 기반 고가용성 클러스터 · 원문·메타·청크·업무 데이터: RDB 정본, 벡터 인덱스: 재생성 가능한 파생 구조 · 고성능 스토리지와 25/100GbE 고속 네트워크 ※ 상세 노드 배치·이중화·전력·냉각·BOM은 최종 설계 및 위원회 승인으로 확정한다. | H25: RFP | I25: 제논 | J25: · GPU: NVIDIA H200 141GB × 8장(LLM 학습·대규모 추론)으로 도입 및 구성 · GPU: NVIDIA L40S 48GB × 2장(서비스 추론·개발·검증·콜센터) 도입 및 구성 · 컨테이너 오케스트레이션: Kubernetes 기반 고가용성 클러스터로 구성 · 원문·메타·청크·업무 데이터: RDB 정본, 벡터 인덱스: 재생성 가능한 파생 구조로 구성 · 고성능 스토리지와 25/100GbE 고속 네트워크으로 구성 ※ 상세 노드 배치·이중화·전력·냉각·BOM은 최종 설계 및 위원회 승인으로 확정 | Q25: 완료 | R25: 수용 | S25: 수용 | T25: 46246
E26: ECR-003-01-05 | G26: 동등성 및 유연성 · 명시된 구성과 동등 이상의 성능을 제공하는 대체 아키텍처를 허용한다. · 특정 HW/SW 제품 및 벤더에 종속되지 않는 구성을 요구한다. | H26: RFP | I26: 제논 | J26: · 명시된 구성과 동등 이상의 성능을 제공하는 대체 아키텍처로 구성 · 특정 HW/SW 제품 및 벤더에 종속되지 않는 아키텍처로 구성 | Q26: 완료 | R26: 수용 | S26: 수용 | T26: 46246
E27: ECR-003-02-01 | F27: [ML 예측 모델 연산 자원 운영 방침] | G27: ML 예측 모델(차기 변제금 납입 가능성 예측)의 학습 및 배치 추론은 AI 플랫폼 구축을 위해 도입되는 GPU 서버 자원을 공유하여 운영한다. | H27: RFP | I27: 제논 | J27: 차기 변제금 예측모델 학습·배치추론에 도입 GPU 자원 공유·할당 | Q27: 완료 | R27: 수용 | S27: 수용 | T27: 46246
E28: ECR-003-03-01 | F28: [예측 모델용 데이터 저장소] | G28: 본 사업에서 개발하는 예측 모델의 학습, 배치 예측, 결과 적재 및 운영에 필요한 범위의 데이터 저장 구조와 처리 기능은 포함된다. | H28: RFP | I28: 제논 | J28: 예측모델 학습·배치예측·결과적재·운영에 필요한 데이터 저장·처리 구조 포함 | Q28: 완료 | R28: 수용 | S28: 수용 | T28: 46246
E29: ECR-003-03-02 | G29: AI 플랫폼 인프라는 향후 타 플랫폼과의 연계를 고려한 확장 가능한 구조로 설계하여야 한다. | H29: RFP | I29: 제논 | J29: AI 플랫폼 인프라는 향후 타 플랫폼과의 연계를 고려한 확장 가능한 구조로 설계 | Q29: 완료 | R29: 수용 | S29: 수용 | T29: 46246
A30: 시스템 장비 요구사항 | B30: ECR-004 | C30: 운영 및 관리 체계 | D30: 시스템 운영 및 관리 기준 정의 | E30: ECR-004-01-01 | F30: [운영 및 관리 체계] | G30: 운영 편의성 · 일상적인 운영 작업(모니터링 확인, 서비스 재시작, 사용량 조회 등)은 웹 UI으로 비전문 인력도 수행 가능하여야 한다. 단, K8s 클러스터 관리, 모델 배포, 장애 복구 등 고급 운영 작업은 수행사가 제공하는 운영 매뉴얼을 기반으로 숙련된 엔지니어가 필요한 수준임을 명시한다. · 모니터링, 알람 확인, 서비스 상태 조회, 단순 재시작 등 일상 운영은 웹 UI로 제공하여야 한다. 모델 배포, 클러스터 확장 등 고급 작업은 CLI 또는 자동화 스크립트 기반으로 제공하되 상세 운영 절차서를 함께 납품하여야 한다. · 시스템 상태 및 자원 사용량을 통합 모니터링 할 수 있어야 하며, 상세 GPU 모니터링 방안은 별도 제시 필요하다. | H30: RFP | I30: 제논 | J30: [Before] 일상 운영은 Web UI, 고급 작업은 CLI·자동화 스크립트로 제공하고 GPU 포함 통합 모니터링 구성 [After] 일상 운영은 Web UI, 고급 작업은 CLI·자동화 스크립트로 제공하고 GPU 포함 통합 모니터링 구성 모니터링·알람·상태조회·재시작·사용량 조회 등 일상 작업은 비전문 운영자가 수행 가능한 UI로 구성 | K30: 일상적인 운영 작업'에 대한 Web UI 관련하여 개별 기능에 대한 관리 UI를 발주사와 공유하고 협의 후 개발 및 커스텀 진행 요청(GenOS 기능 대부분이 게시판 형태의 UI를 대부분의 기능 제어에 공용으로 사용하고 있는 것으로 추측되며, 운영부서 조작 편의성을 위해 기존 GenOS 기능에 대한 별도 커스텀이 필요한 부분에 대해 반드시 사전 협의 필요) | L30: · 운영 매뉴얼 (GPU•플랫폼•AI 모델 운영) · 장애 대응 및 성능 튜닝 가이드 · 백업•복구 절차서 · 기술 이전 계획서 | Q30: 완료 | R30: 수용 | S30: 수용 | T30: 46255
E31: ECR-004-01-02 | G31: 자동화 및 안정성 · 장애 감지 및 자동 복구(Self-healing) 기능을 제공하여야 한다. · 로그, 이벤트, 작업 이력을 관리할 수 있어야 한다. · 백업 및 복구 기능을 제공하여야 한다. | H31: RFP | I31: 제논 | J31: Self-healing·로그/이벤트/작업이력·백업/복구 자동화 적용 | Q31: 완료 | R31: 수용 | S31: 수용 | T31: 46246
E32: ECR-004-01-03 | G32: 운영 지원 · 구축 완료 후 최소 1년간 기술지원 및 운영지원을 제공하여야 한다. · GPU, 플랫폼, AI 모델 운영 관련 매뉴얼을 제공하여야 한다. · 장애 대응, 성능 튜닝, 운영 가이드를 포함하여야 한다. | H32: RFP | I32: 제논 | J32: 구축 후 1년 이상 기술지원, GPU·플랫폼·모델 운영 매뉴얼과 장애·튜닝 가이드 제공 | Q32: 완료 | R32: 수용 | S32: 수용 | T32: 46246
E33: ECR-004-01-04 | G33: 교육 및 기술 이전 · 운영 권한 및 지식의 단계적 이관 계획을 제출하여야 한다. | H33: RFP | I33: 제논 | J33: 교육 및 기술 이전·운영 권한 및 지식의 단계적 이관 계획을 제출 | Q33: 완료 | R33: 수용 | S33: 수용 | T33: 46246
A34: 시스템 장비 요구사항 | B34: ECR-005 | C34: 보안 및 성능 품질 | D34: 보안 및 시스템 품질 기준 정의 | E34: ECR-005-01-01 | F34: [보안 및 성능 품질] | G34: 보안 요구사항 · 기존 보안 솔루션(V3 등)은 베어메탈 서버(DB 서버· NAS 등)에 적용하고, K8s 컨테이너 환경은 K8s 기본RBAC, NetworkPolicy, Audit Log, 이미지 취약점 스캔으로 동등 수준의 보안을 확보한다. 컨테이너 환경에서의 기존 보안 솔루션 적용 가능 여부는 기술협 상 시 벤더와 협의하여 확정한다. · 사용자 인증 및 권한관리 기능을 제공하여야 한다. · 개인정보 보호 기능(마스킹 및 암호화)을 적용하여야 한다. · 모든 접근 및 처리에 대한 로그를 기록하여야 한다. | H34: RFP | I34: 제논 | J34: 베어메탈 보안제품과 K8s RBAC·NetworkPolicy·Audit·이미지 스캔을 병행하고 인증·마스킹·암호화·로그 적용 | L34: · 보안 점검 결과서 · 성능 테스트 결과서 | Q34: 완료 | R34: 수용 | S34: 수용 | T34: 46246
E35: ECR-005-01-02 | G35: 시스템 연계 및 안정성 · 기존 시스템과의 연계 시 운영 영향 최소화하여야 한다. · 데이터 정합성을 유지하여야 한다. · 시스템 간 인터페이스 안정성을 확보하여야 한다. | H35: RFP | I35: 제논 | J35: 기존 시스템 연계 영향 최소화, 데이터 정합성·인터페이스 안정성 확보 | Q35: 완료 | R35: 수용 | S35: 수용 | T35: 46246
E36: ECR-005-01-03 | G36: 성능 및 품질 보장 · 응답속도·처리량·동시접속 등 승인된 성능 기준을 충족하여야 한다. · 운영환경 구축 전에는 최종 GPU 형상(H200 8장·L40S 2장) 중 L40S 1장을 개발·검증용으로 배정하고, 기 구축 상담화면 테스트 환경과 연계하여야 한다. · 운영 전환 전에는 운영과 동등한 스테이징에서 STT 연동, 추천 스크립트, 개인정보 마스킹, 장애·성능·TA 이중화 시나리오를 검증하여야 한다. · 테스트 완료 후 개발·검증 자원은 승인된 운영 배치계획에 따라 전환하여야 한다. · 성능 저하 또는 장애 발생 시 개선 방안과 재검증 결과를 제출하여야 한다. | H36: RFP | I36: 제논 | J36: 운영동등 스테이징에서 STT·추천·마스킹·장애·성능·TA 이중화를 검증하고 승인된 운영 배치로 전환 | Q36: 완료 | R36: 수용 | S36: 수용 | T36: 46246
A37: 시스템 장비 요구사항 | B37: ECR-006 | C37: AI 플랫폼 장비 도입 | D37: AI 플랫폼 운영을 위한 서버·스토리지·네트워크 장비 도입 규격 정의 | E37: ECR-006-01-01 | F37: 공통 요구사항 (전체 서버, 장비 공통) | G37: 제시된 사양 이상이어야 하며, 동급 또는 상위 제안 허용 | H37: RFP | I37: 제논 | J37: 제시 사양 이상·동급/상위 장비로 납품 | L37: · 규격 확인서 (CPU•GPU•Memory•Storage 등 세부 사양 대조) · 장비설치 계획서 · 설치확인서(설치결과서) · 정품 확인서(제품보증서) · 라이선스 증서 (OS•관리도구 등) · 오픈소스 라이선스 검증 결과서 · 제조사 기술지원확약서 · 제조사 물품공급확약서 · 랙 전력•냉각•케이블링 설치 도면 | Q37: 완료 | R37: 수용 | S37: 수용 | T37: 46246
E38: ECR-006-01-02 | G38: OS는 LTS 버전(Rocky Linux 9.x / RHEL / AlmaLinux / Ubuntu LTS 등) 적용하여 최신 보안 패치 상태로 납품 상세 | H38: RFP | I38: 제논 | J38: Rocky Linux/RHEL/AlmaLinux/Ubuntu LTS 등 장기지원 OS와 최신 보안패치 적용 | Q38: 완료 | R38: 수용 | S38: 수용 | T38: 46246
E39: ECR-006-01-03 | G39: 시스템은 전원 공급장치(PSU), 팬(FAN)은 모두 이중화 Hot-Swap 지원하여야 한다. | H39: RFP | I39: 제논 | J39: 전원 공급장치(PSU), 팬(FAN)은 모두 이중화 Hot-Swap 지원 | Q39: 완료 | R39: 수용 | S39: 수용 | T39: 46246
E40: ECR-006-01-04 | G40: 시스템은 네트워크 인터페이스는 기존 스위치와 호환되는 SFP+/SFP28/100GbE 포트 제공하여야 한다. | H40: RFP | I40: 제논 | J40: 네트워크 인터페이스는 기존 스위치와 호환되는 SFP+/SFP28/100GbE 포트 제공 | Q40: 완료 | R40: 수용 | S40: 수용 | T40: 46246
E41: ECR-006-01-05 | G41: 모든 서버는 전용 관리포트(BMC) 포함 | H41: RFP | I41: 제논 | J41: 모든 서버는 전용 관리포트(BMC) 포함 | Q41: 완료 | R41: 수용 | S41: 수용 | T41: 46246
E42: ECR-006-01-06 | G42: 시스템은 랙 전력, 냉각, 케이블링(BOM 포함) 및 설치 도면 제출하여야 한다. | H42: RFP | I42: 제논 | J42: 랙 전력, 냉각, 케이블링(BOM 포함) 및 설치 도면 제출 | Q42: 완료 | R42: 수용 | S42: 수용 | T42: 46246
E43: ECR-006-01-07 | G43: 표기된 구축 수량에 필요한 라이선스/펌웨어/드라이버/관리도구 전체 포함 | H43: RFP | I43: 제논 | J43: 표기된 구축 수량에 필요한 라이선스/펌웨어/드라이버/관리도구 전체 포함 | Q43: 완료 | R43: 수용 | S43: 수용 | T43: 46246
E44: ECR-006-02-01 | F44: Master 노드 (클러스터 제어, 트래픽 관리) | G44: - 도입 수량: 3식 - CPU: Intel Xeon Gold 6430(2.1GHz) 32코어 이상 또는 동급 이상 - RAM: 128GB DDR5 4800MT/s 이상 - Disk · OS 디스크: Enterprise SSD 960GB 이상 · 로컬 스토리지(Rook-Ceph 용): 1.92TB SATA SSD × 4ea 이상 - Network · 최소 25GbE Dual Port NIC 이상 · LACP(802.3ad) 기반 이중화 지원 - 관리 포트: iLO/iDRAC 등 전용 BMC 1GbE 포트 포함 - 기타 · Kubernetes Control Plane 구성에 적합한 성능 제공 · 분산 스토리지(Ceph) 모니터/메타데이터 노드로 사용 가능할 것 | H44: RFP | I44: 제논 | J44: ■ Master 노드 (클러스터 제어, 트래픽 관리) - 도입 수량: 3식 - CPU: Intel Xeon 6 Performance 6530P (2.3GHz) 32코어 * 2EA - RAM: 128GB DDR5 4800MT/s (16GB * 8EA) - Disk ‧ OS 디스크: 960GB SSD SATA RI * 2EA ‧ 로컬 스토리지(Rook-Ceph 용): 1.92TB SSD SATA RI * 4EA - 전원 : Dual, Redundant (1+1),Hot-Plug MHS Power Supply, 1500W MM, Titanium - NIC: 듀얼 포트 25GbE SFP28 어댑터, OCP 3.0 NIC +Sec * 2EA - OS : RHEL, 1-2SKT, Physical Node, 1YR Premium Sub, 1 Virtual Guest, Digitally Fulfilled | Q44: 완료 | R44: 수용 | S44: 수용 | T44: 46246
E45: ECR-006-03-01 | F45: AI 공통 노드 (LLMOps / ArgoCD / GitLab CI/CD / pipeline 관리) | G45: - 도입 수량: 2식 - CPU: Intel Xeon Gold 6430(2.1GHz) 32코어 이상 또는 동급 이상 - RAM: 256GB DDR5 4800MT/s 이상 - Disk · OS SSD 960GB 이상 · Rook-Ceph 스토리지용 SATA SSD 1.92TB × 4ea 이상 - Network: 25GbE Dual Port NIC 이상, LACP 구성 가능 - 관리 포트: 전용 BMC 포함 - 기타 · LLMOps(모델 관리), GitLab Runner, ArgoCD 등 CI/CD 운영 가능 · Private Registry 및 AI 파이프라인 관리 기능 수행 | H45: RFP | I45: 제논 | J45: ■ AI공통노드(Worker) - DELL PowerEdge R770 - 도입수량: 2식 - CPU: Intel Xeon 6 Performance 6530P (2.3GHz) 32 코어 * 2EA - Memory: 256GB DDR5 6400MT/s (32GB * 8EA) - Disk ‧ OS 디스크: 960GB SSD SATA RI * 2EA ‧ 로컬 스토리지(Rook-Ceph 용): 1.92TB SSD SATA RI * 4EA - RAID - 전원 : Dual, Redundant (1+1),Hot-Plug MHS Power Supply, 1500W MM, Titanium - NIC: 듀얼 포트 25GbE SFP28 어댑터, OCP 3.0 NIC +Sec * 2EA - OS : RHEL, 1-2SKT, Physical Node, 1YR Premium Sub, 1 Virtual Guest, Digitally Fulfilled | Q45: 완료 | R45: 수용 | S45: 수용 | T45: 46246
E46: ECR-006-04-01 | F46: GPU 인프라 - H200 학습/대규모 추론 및 L40S 서비스 추론/개발·검증 | G46: - 최종 GPU 총량 · NVIDIA H200 141GB × 8장: LLM 학습·파인튜닝·대규모 추론용 · NVIDIA L40S 48GB × 2장: 서비스 추론·개발·검증·콜센터 워크로드용 - 서버 구성 · H200은 HGX/DGX급 또는 동급 이상의 고대역폭 인터커넥트 구성을 적용한다. · L40S는 2개 노드에 각 1장씩 분산 배치하여 이중화 구성을 적용한다. - 공통 사양 · CPU: 고성능 서버급 CPU 32코어 이상 · RAM: H200 노드 512GB 이상, L40S 노드 256GB 이상 · Disk: NVMe SSD 3TB 이상 · Network: 100GbE NIC × 2 이상(H200 노드), 25GbE 이상(L40S 노드) - 운영 기준 · 학습·추론·개발·검증 워크로드를 논리적으로 격리하고 자원 할당·회수·우선순위·장애 시 재배치 정책을 제공하여야 한다. · PER-003 동시접속·응답 성능 목표를 충족하는 용량산정 및 부하테스트 결과를 제출하여야 한다. · 랙 전력·냉각·케이블·드라이버·펌웨어·관리도구·라이선스를 포함하여야 한다. | H46: RFP | I46: 제논 | J46: ■ GPU인프라(LLM학습/추론용) - DELLPowerEdge XE7740 - 도입수량: 1식 - CPU: Intel Xeon 6 Performance 6747P (2.7GHz) 48 코어 * 2EA - Memory: 512GB DDR5 6400MT/s 이상(32GB * 16EA) - DISK: 3.84TB NVMe RI * 3EA - 전원 : Octa, 중복(4+4), 핫플러그 MHS 전원 공급 장치, 3200W MM HLAC (200-240Vac), Titanium - GPU: NVIDIA H200 NVL 141GB Passive * 8EA - NIC: 듀얼 포트 100GbE QSFP56 어댑터, PCIe 전체 높이 +Sec * 2EA 듀얼 포트 25GbE SFP28 어댑터, OCP 3.0 NIC +Sec - OS : 528-BHOX, Red Hat Enterprise Linux,2SKT,1Guest,1Yr PREMIUM Subscription,No Media,Cus Kit | Q46: 완료 | R46: 수용 | S46: 수용 | T46: 46246
E47: ECR-006-05-01 | F47: 데이터베이스 서버 (RDB 및 벡터 DB) | G47: - 도입 수량: 2식 - CPU: Intel Xeon Gold 6430(2.1GHz) 32코어 이상 또는 동급 이상 - RAM: 128GB DDR5 이상 - Disk · OS: SSD 960GB 이상 · 데이터: 1.92TB SSD × 6ea (RAID5 또는 RAID10 구성) - Network · 25GbE Dual Port NIC 이상 · 복제 및 클러스터 트래픽 전용 VLAN 구성 가능 - 관리 포트: BMC(iLO/iDRAC) 포함 - 기타 · Vector 검색 엔진 및 RDB 동시 운영 가능 · PITR 백업, 복구 지원 가능한 환경 제공 | H47: RFP | I47: 제논 | J47: ■ DB 서버 (RDB/Vector) - DELL PowerEdge R770 - 도입수량; 2식 - CPU: Intel Xeon 6 Performance 6530P (2.3GHz) 32 코어 * 2EA - Memory: 256GB DDR5 6400MT/s (32GB * 8EA) - DISK ‧ OS 디스크: 960GB SSD SATA RI * 2EA ‧ 로컬 스토리지(Rook-Ceph 용): 1.92TB SSD SATA RI * 6EA - 전원: Dual, Redundant (1+1),Hot-Plug MHS Power Supply, 1500W MM, Titanium - NIC: 듀얼 포트 25GbE SFP28 어댑터, OCP 3.0 NIC +Sec * 2EA - OS : RHEL, 1-2SKT, Physical Node, 1YR Premium Sub, 1 Virtual Guest, Digitally Fulfilled | Q47: 완료 | R47: 수용 | S47: 수용 | T47: 46246
E48: ECR-006-06-01 | F48: 스토리지(All-Flash NAS) | G48: - 도입 수량: 1식 - 용량: NVMe SSD 기반 All-Flash 100TB 이상 - 성능 · IOPS, Throughput, 지연 시간(Latency) 등 제안서에 명확히 제시 - NFS/CIFS/S3 호환 등 멀티 프로토콜 기반 - 기타: 스냅샷, 증분 백업, 버전 관리 기능 제공 | H48: RFP | I48: 제논 | J48: ■ 스토리지 (All – Flash NAS) - NetApp AFF A20 u100TB(7.6TB*20ea) SW ONTAP Base - 도입수량: 1식 - 컨트롤러 : AFF A20 HA System ( 듀얼노드구성) - DISK ( 저장장치 ): 7.6TB NVMe SSD × 20ea - 네트워크(I/O 모듈): 10/25GbE: 4 포트모듈× 4개(총16포트) / SFP28(25GbE, SR) 8 개 포함 32G FC: 4 포트모듈× 2개(총8포트) / Target+Init 겸용 - OS: ONTAP Base Package (Flash 전용) | Q48: 완료 | R48: 수용 | S48: 수용 | T48: 46246
E49: ECR-006-07-01 | F49: 네트워크 장비 - L2 Network Switch (Service) | G49: - 도입 수량: 2식 - 사양: 10GbE × 24Port 이상 - 기능: VLAN, STP/RSTP, LACP, Jumbo Frame, RoCE v2 지원 - Multi-Chassis Link Aggregation 기능 조건 추가(예: MLAG, vPC 또는 동등 기술 지원) | H49: RFP | I49: 제논 | J49: ■ L2 Network Switch (Service) - CISCO N9K-C93180YC-FX3H - Interface (SFP+/SFP28): 1G/10G/25Gbps 24ea (Up to 48ea with License) - Interface (QSFP28): 40G/100Gbps 6ea - Management Port: 1ea (RJ - 45 Console) - External Port: 1ea (USB) - Switching Capacity: 3.6 Tbps - LPM Routing Table: 1,7 - Interface (SFP+/SFP28): 1G/10G/25Gbps 24ea (Up to 48ea with License) - Interface (QSFP28): 40G/100Gbps 6ea - Management Port: 1ea (RJ- 45 Console) | Q49: 완료 | R49: 수용 | S49: 수용 | T49: 46246
E50: ECR-006-08-01 | F50: 네트워크 장비 - L4/L7 Switch (Service) | G50: - 도입 수량: 2식 - 사양: 10GbE × 8Port 이상 - 기능 · L4/L7 로드밸런싱 허용 · SSL Offload 및 헬스체크 지원 | H50: RFP | I50: 제논 | J50: ■ L4/L7 스위치(SERVICE) - RadwareAlteon 6300 12G - 도입수량: 2식 - CPU: Hexa Core 1ea - Memory: 32GB - HDD : 500GB - Management Port: 2ea - 1G/10G SFP+ Port: 24ea | Q50: 완료 | R50: 수용 | S50: 수용 | T50: 46246
E51: ECR-006-09-01 | F51: 네트워크 장비 - L2 Network Switch (Storage) | G51: - 도입 수량: 2식 - 사양: 100GbE × 24Port 이상 - 스토리지 및 노드 간 고대역폭 전송 지원 - Multi-Chassis Link Aggregation 기능 조건 추가(예: MLAG, vPC 또는 동등 기술 지원) | H51: RFP | I51: 제논 | J51: ■ L2스위치(Storage) - CISCO N9K- C93180YC- FX3H - 도입수량: 2식 - Interface (SFP+/SFP28): 1G/10G/25Gbps 24ea (Up to 48ea with License) - Interface (QSFP28): 40G/100Gbps 6ea - Management Port: 1ea (RJ - 45 Console) - External Port: 1ea (USB) - Switching Capacity: 3.6 Tbps - LPM Routing Table: 1,7 - Interface (SFP+/SFP28): 1G/10G/25Gbps 24ea (Up to 48ea with License) - Interface (QSFP28): 40G/100Gbps 6ea - Management Port: 1ea (RJ - 45 Console) | Q51: 완료 | R51: 수용 | S51: 수용 | T51: 46246
E52: ECR-006-10-01 | F52: GPU 랙 | G52: - 도입 수량: 1식 - 규격: 42U 이상 - 전력: 9,000W 이상 공급 가능하여야 한다 - 구성: 듀얼 PDU, 전면/후면 냉각 흐름 고려 | H52: RFP | I52: 제논 | J52: KT IDC(강남) 상면 및 RACK 임차 사용 | Q52: 완료 | R52: 수용 | S52: 수용 | T52: 46246
A53: 시스템 장비 요구사항 | B53: ECR-007 | C53: 상담원 어시스턴트 서버 및 관련 장비 도입 | D53: 콜센터 상담 어시스턴트 서버 및 상담원 모니터 도입 규격 정의 | E53: ECR-007-01-01 | F53: 공통 | G53: 규격은 제시된 사양 이상이어야 함(동급/상위 대체 허용) | H53: RFP | I53: 제논 | J53: 제시 규격 이상·동급/상위 장비로 납품 | L53: · 규격 확인서 (서버•스토리지•SAN 스위치 등 세부 사양 대조) · 장비설치 계획서 · 설치확인서(설치결과서) · 정품 확인서(제품보증서) · 라이선스 증서 (OS•SAN SW 등) · 제조사 기술지원확약서 · 제조사 물품공급확약서 · 랙 전력•발열 사전 산정서 | Q53: 완료 | R53: 수용 | S53: 수용 | T53: 46246
E54: ECR-007-01-02 | G54: OS는 LTS 버전(예: Rocky Linux 9.x/RHEL/Ubuntu LTS)로 납품하고, 보안 패치 최신 상태로 설치하여야 한다. | H54: RFP | I54: 제논 | J54: Rocky Linux/RHEL/Ubuntu LTS 등 장기지원 OS와 최신 보안패치 적용 | Q54: 완료 | R54: 수용 | S54: 수용 | T54: 46246
E55: ECR-007-01-03 | G55: 전원 공급 장치(PSU) 및 팬(Fan)은 핫스왑 가능한 이중화(Redundant) 구조여야 함 | H55: RFP | I55: 제논 | J55: 상담 어시스턴트 서버 PSU·팬 Hot-Swap 이중화 적용 | Q55: 완료 | R55: 수용 | S55: 수용 | T55: 46246
E56: ECR-007-01-04 | G56: 랙/전력/발열 사전 산정서를 제출하여야 한다. | H56: RFP | I56: 제논 | J56: 랙/전력/발열 사전 산정서를 제출 | Q56: 완료 | R56: 수용 | S56: 수용 | T56: 46246
E57: ECR-007-01-05 | G57: 시스템은 호환성: Rocky Linux 환경에서 Multipath I/O(MPIO) 구성 및 SAN 연동 최적화 지원하여야 한다. | H57: RFP | I57: 제논 | J57: 호환성: Rocky Linux 환경에서 Multipath I/O(MPIO) 구성 및 SAN 연동 최적화 지원 | Q57: 완료 | R57: 수용 | S57: 수용 | T57: 46246
E58: ECR-007-01-06 | G58: 시스템은 기존 스위치와 호환되는 인터페이스(SFP+ 또는 10G-Base-T) 제공하여야 한다. | H58: RFP | I58: 제논 | J58: 기존 스위치와 호환되는 인터페이스(SFP+ 또는 10G-Base-T) 제공 | Q58: 완료 | R58: 수용 | S58: 수용 | T58: 46246
E59: ECR-007-01-07 | G59: 관리: 원격 제어를 위한 전용 관리 포트(iDRAC, iLO 등) 및 라이선스 포함 | H59: RFP | I59: 제논 | J59: 관리: 원격 제어를 위한 전용 관리 포트(iDRAC, iLO 등) 및 라이선스 포함 | Q59: 완료 | R59: 수용 | S59: 수용 | T59: 46246
E60: ECR-007-01-08 | G60: 표기된 도입 수량에 맞춰 필요 라이선스 일체 포함 | H60: RFP | I60: 제논 | J60: 공통 제시 수량, 제시 규격 이상 기준으로 납품·설치 및 정상 동작 검증 | Q60: 완료 | R60: 수용 | S60: 수용 | T60: 46246
E61: ECR-007-02-01 | F61: L7 서버 | G61: - 도입 수량: 2식 - CPU: Intel Xeon Gold 6430 (2.1GHz) 8코어 이상 1 CPU 또는 동급 이상 - RAM: 32GB DDR5 4800MT/s 이상(메모리 채널 뱅크 구성을 고려하여 장착) - Disk: 500GB SSD (Enterprise RI) x 2 (RAID 1) - Network: 10GbE Dual Port NIC 이상 | H61: RFP | I61: 제논 | J61: ■ L7 서버 - DELL PowerEdge R470 - 도입 수량: 2식 - CPU: Intel Xeon 6 Performance 6507P (3.5GHz) 8 코어 - RAM: 32GB DDR5 6400MT/s (32GB * 1EA) - Disk: : 960GB SSD SATA RI * 2EA - 전원: 듀얼, 완전 중복(1+1), 핫플러그 MHS 전원 공급 장치,800W MM (100-240Vac) - NIC: 듀얼 포트 25GbE SFP28 어댑터, OCP 3.0 NIC +Sec * 2EA - OS : RHEL, 1-2SKT, Physical Node, 1YR Premium Sub, 1 Virtual Guest, Digitally Fulfilled | Q61: 완료 | R61: 수용 | S61: 수용 | T61: 46246
E62: ECR-007-03-01 | F62: 콜센터 AP 서버 | G62: - 도입 수량: 2식 - CPU: Intel Xeon Gold 6430 (2.1GHz) 8코어 이상 1 CPU 또는 동급 이상 - RAM: 32GB DDR5 4800MT/s 이상(메모리 채널 뱅크 구성을 고려하여 장착) - Disk: 500GB SSD (Enterprise RI) x 2 (RAID 1) - Network: 10GbE Dual Port NIC 이상 | H62: RFP | I62: 제논 | J62: ■ 콜센터 AP 서버 - DELL PowerEdge R470 - 도입 수량: 2식 - CPU: Intel Xeon 6 Performance 6507P (3.5GHz) 8 코어 - RAM: 32GB DDR5 6400MT/s (32GB * 1EA) - Disk: : 960GB SSD SATA RI * 2EA - 전원: 듀얼, 완전 중복(1+1), 핫플러그 MHS 전원 공급 장치,800W MM (100-240Vac) - NIC: 듀얼 포트 25GbE SFP28 어댑터, OCP 3.0 NIC +Sec * 2EA - OS : RHEL, 1-2SKT, Physical Node, 1YR Premium Sub, 1 Virtual Guest, Digitally Fulfilled | Q62: 완료 | R62: 수용 | S62: 수용 | T62: 46246
E63: ECR-007-04-01 | F63: 콜센터 DB 서버 | G63: - 도입 수량: 2식 - CPU: Intel Xeon Gold 6430 (2.1GHz) 16코어 이상 1 CPU 또는 동급 이상 - RAM: 64GB DDR5 4800MT/s 이상(최적 성능을 위해 8GB x 8개 또는 16GB x 4개 구성) - DISK: 500GB SSD (Enterprise RI) x 2 (RAID 1) - Network: 10GbE Dual Port NIC 이상, DB 동기화용 별도 1GbE NIC 탑재 - 32Gbps Dual Port FC HBA 탑재 (SAN 스토리지 연결용) | H63: RFP | I63: 제논 | J63: ■ 콜센터 DB 서버 - DELL PowerEdge R470 - 도입 수량: 2식 - CPU: Intel Xeon 6 Performance 6511P (2.3GHz) 16 코어 - RAM: 64GB DDR5 6400MT/s (16GB * 4EA) - Disk: : 960GB SSD SATA RI * 2EA - 전원: 듀얼, 완전 중복(1+1), 핫플러그 MHS 전원 공급 장치,800W MM (100-240Vac) - NIC: 쿼드 포트 1GbE Base-T 어댑터, OCP 3.0 NIC +Sec 듀얼 포트 25GbE SFP28 어댑터, OCP 3.0 NIC +Sec - OS : RHEL, 1-2SKT, Physical Node, 1YR Premium Sub, 1 Virtual Guest, Digitally Fulfilled | Q63: 완료 | R63: 수용 | S63: 수용 | T63: 46246
E64: ECR-007-05-01 | F64: SAN/NAS 스토리지 | G64: - 도입 수량: 1식 - Usable 20TB(All-Flash 또는 SSD 계층화 구성 필수) - 스토리지 컨트롤러: Dual Controller (Active-Active), 시스템 캐시 64GB 이상 - 인터페이스: 32Gbps FC 포트(4개 이상) 및 10GbE NAS 포트(NFS/SMB 지원) - 성능: 최소 50,000 IOPS 이상 보장 - Network: 32Gb FC SFP+ 트랜시버 * 4개 | H64: RFP | I64: 제논 | J64: ■ SAN/NAS 스토리지 - NetApp AFF A20 u20TB(3.8TB*10ea) SW ONTAP Base - 도입 수량: 1식 - 컨트롤러: AFF A20 HA System ( 듀얼노드구성) - Disk(저장장치): 3.8TB NVMe SSD × 2ea - Drive Pack 2X3.8TB, NVMe4, SED (X4025A - 2- A- C) - Network(I/O모듈): 10/25GbE: 4포트모듈×1개(총4포트)/SFP+Optical 10Gb Shortwave 포함 ‧ 32G FC: 4 포트모듈× 1개(총4포트) / Target+Init 겸용 - OS: ONTAP Base Package (Flash 전용) | Q64: 완료 | R64: 수용 | S64: 수용 | T64: 46246
E65: ECR-007-06-01 | F65: SAN 스위치 | G65: - 도입 수량: 2식 - 32Gbps 24Port 이상 (최소 16포트 이상 SFP 포함 활성화) - 부속품: 서서버/스토리지 연결용 32Gb SFP 및 광케이블(OM4, LC-LC) 일체 | H65: RFP | I65: 제논 | J65: ■ SAN 스위치 - Brocade G720 - 도입 수량: 2식 - 24P, 32GB SWL SFPs, AC, PORT SIDE EXHAUST AIR FLOW, EB,Dual - hot-swappable redundant power supplies with integrated system cooling fans, Rack mount Kit - Fibre Channel Cable, LC to LC, 50/125, 5 meter * 12e | Q65: 완료 | R65: 수용 | S65: 수용 | T65: 46246
E66: ECR-007-07-01 | F66: 관리 콘솔 및 표준 랙 | G66: - 도입 수량: 2식 - KVM 콘솔, 42U 이상 랙, 듀얼 PDU - 전력, 발열, 케이블 구성도 포함 - BMC 관리망 구성 포함 | H66: RFP | I66: 제논 | J66: ■ 관리 콘솔 - 1U KVM Console - 도입 수량: 2식 - KT IDC(강남) 상면 및 RACK 임차 사용 - KVM 콘솔: 1U 타입(모니터 · 키보드 · 터치패드통합형 ) | Q66: 완료 | R66: 수용 | S66: 수용 | T66: 46246
E67: ECR-007-08-01 | F67: 상담원용 모니터 | G67: - 도입 수량: 240식 - 화면 크기: 27인치 이상 - 해상도: FHD(1920x1080) 이상 - 연결 인터페이스: HDMI, RGB 필수 | H67: RFP | I67: 제논 | J67: ■ 상담원용 모니터 - DELL E2726HS - 도입 수량 : 240식 - 화면 크기 : 27인치 - 해상도 : FHD(1920x1080) - 연결 인터페이스: HDMI 2.1 1Port, DP 1.4 1Port, VGA 1Port | Q67: 완료 | R67: 수용 | S67: 수용 | T67: 46246
A68: 시스템 장비 요구사항 | B68: ECR-008 | C68: 위원회 콜센터TA 이중화 장비 도입 | D68: 기 구축 콜센터 TA 시스템 이중화 장비 및 보안 SW 도입 규격 정의 | E68: ECR-008-01-01 | F68: 공통 요구사항 | G68: 본 요구사항은 기 구축된 콜센터 TA에 대한 이중화 장비 도입을 정의한다. | H68: RFP | I68: ECS / 위고 / 제논 | J68: 기 구축된 콜센터 TA에 대한 이중화 장비 도입 | L68: · 규격 확인서 (서버•GPU•솔루션 세부 사양 대조) · 장비설치 계획서 · 설치확인서(설치결과서) · 정품 확인서(제품보증서) · 라이선스 증서 (TA솔루션•OS•보안SW 등) · 제조사 기술지원확약서 · 제조사 물품공급확약서 | Q68: 완료 | R68: 수용 | S68: 수용 | T68: 46246
E69: ECR-008-01-02 | G69: 본 규격은 제시된 사양 이상의 제품이어야 하며, 동급 또는 상위 제안 허용 | H69: RFP | I69: ECS / 위고 / 제논 | J69: TA 이중화 장비를 제시 사양 이상·동급/상위 제품으로 도입 | Q69: 완료 | R69: 수용 | S69: 수용 | T69: 46246
E70: ECR-008-01-03 | G70: OS는 최신 보안 패치 상태로 납품하여야 함 | H70: RFP | I70: ECS / 위고 / 제논 | J70: OS는 최신 보안 패치 상태로 납품 | Q70: 완료 | R70: 수용 | S70: 수용 | T70: 46246
E71: ECR-008-01-04 | G71: 전원 공급장치(PSU) 및 팬(FAN)은 이중화(Hot-Swap) 구조여야 함 | H71: RFP | I71: ECS / 위고 / 제논 | J71: TA 이중화 서버 PSU·팬 Hot-Swap 이중화 적용 | Q71: 완료 | R71: 수용 | S71: 수용 | T71: 46246
E72: ECR-008-01-05 | G72: 표기된 도입 수량에 맞춘 필요 라이선스 전체 포함 | H72: RFP | I72: ECS / 위고 / 제논 | J72: 공통 요구사항 제시 수량, 제시 규격 이상 기준으로 납품·설치 및 정상 동작 검증 | Q72: 완료 | R72: 수용 | S72: 수용 | T72: 46246
E73: ECR-008-01-06 | G73: 기 구축된 TA 시스템과 동일 버전으로 이중화 구성에 적합한 라이선스 형태로 도입 | H73: RFP | I73: ECS / 위고 / 제논 | J73: 기 구축된 TA 시스템과 동일 버전으로 이중화 구성에 적합한 라이선스 형태로 도입 | Q73: 완료 | R73: 수용 | S73: 수용 | T73: 46246
E74: ECR-008-02-01 | F74: TA 솔루션 | G74: - TA Enterprise v7.0 per Server Engine(위고) · 도입 수량: 1식 | H74: RFP | I74: ECS / 위고 / 제논 | J74: TA Enterprise v7.0 per Server Engine(위고) 1식 도입·설치 후 기존 TA와 기능·라이선스 정합성 검증 | Q74: 완료 | R74: 수용 | S74: 수용 | T74: 46246
E75: ECR-008-02-02 | G75: - GPT 요약 엔진 · 도입 수량: 1식 · 상담 내용 자동 요약 기능 제공을 위한 GPT 기반 요약 엔진 | H75: RFP | I75: ECS / 위고 / 제논 | J75: GPT 요약 엔진 1식 도입·설치 및 기존 TA 기능·라이선스 정합성 검증 | Q75: 완료 | R75: 수용 | S75: 수용 | T75: 46246
E76: ECR-008-03-01 | F76: 서버 | G76: - TA 이중화 서버 ‧ 도입 수량 : 1식 ‧ CPU : 3.2GHz, 2P/32C 이상 ‧ RAM : 256GB 이상 ‧ Disk : 960GB NVMe SSD × 3ea 이상 ‧ GPU : NVIDIA L40S 48GB × 2ea | H76: RFP | I76: ECS / 위고 / 제논 | J76: ■ TA 서버 - DELL PowerEdge R770 - 도입 수량 : 1식 - CPU: Intel Xeon6 Performance 6517P (3.2GHz) 16코어 * 2EA - Memory: 256GB DDR5 6400MT/s (32GB * 8EA) - DISK: 1.6TB NVMe RI * 3EA - 전원 : 듀얼, Fault Tolerant 중복(1+1),핫플러그 MHS PSU,3200W MM HLAC(Only for 200-240Vac)Titanium - GPU : NVIDIA L40S 48GB * 2EA - NIC: 쿼드 포트 1GbE Base-T 어댑터, OCP 3.0 NIC +Sec 듀얼 포트 25GbE SFP28 어댑터, OCP 3.0 NIC +Sec - OS : RHEL, 1-2SKT, Physical Node, 1YR Premium Sub, 1 Virtual Guest, Digitally Fulfilled | Q76: 완료 | R76: 수용 | S76: 수용 | T76: 46246
E77: ECR-008-03-02 | G77: - OS: RedHat Enterprise Linux · 도입 수량: 1식 · 라이선스 기간: 1년 (사업 기간 및 하자보수 기간을 포함한 유효기간 확보) | H77: RFP | I77: ECS / 위고 / 제논 | J77: - OS: RedHat Enterprise Linux · 도입 수량: 1식 · 라이선스 기간: 1년 (사업 기간 및 하자보수 기간을 포함한 유효기간 확보) | Q77: 완료 | R77: 수용 | S77: 수용 | T77: 46246
E78: ECR-008-04-01 | F78: 보안 소프트웨어 | G78: - 서버 백신: V3 Net for Linux Server (AhnLab V3) · 도입 수량: 1식 | H78: RFP | I78: ECS / 위고 / 제논 | J78: 서버 백신: V3 Net for Linux Server (AhnLab V3) 1식 설치 및 위원회 보안정책 적용·연동 검증 | Q78: 완료 | R78: 수용 | S78: 수용 | T78: 46246
E79: ECR-008-04-02 | G79: - 서버 보안: Red Castle(SGA솔루션즈) · 도입 수량: 1식 | H79: RFP | I79: ECS / 위고 / 제논 | J79: 서버 보안: Red Castle(SGA솔루션즈) 1식 설치 및 위원회 보안정책 적용·연동 검증 | Q79: 완료 | R79: 수용 | S79: 수용 | T79: 46246
E80: ECR-008-04-03 | G80: - 시스템 접근통제: Hi-PSM Node(넷앤드) · 도입 수량: 1식 · 적용 대상: Unix, Linux, Windows Server 및 네트워크 장비 | H80: RFP | I80: ECS / 위고 / 제논 | J80: Hi-PSM Node 1식 설치, Unix/Linux/Windows·네트워크 장비 접근통제 정책 적용·연동 검증 | Q80: 완료 | R80: 수용 | S80: 수용 | T80: 46246
E81: ECR-008-04-04 | G81: - 서버 개인정보 탐지: 서버개인정보 검출시스템 ServerFilter(지란지교) · 도입 수량: 2식 | H81: RFP | I81: ECS / 위고 / 제논 | J81: 서버 개인정보 탐지: 서버개인정보 검출시스템 ServerFilter(지란지교) 2식 설치 및 위원회 보안정책 적용·연동 검증 | Q81: 완료 | R81: 수용 | S81: 수용 | T81: 46246
E82: ECR-008-04-05 | G82: - 서버 모니터링: 서버관리 에이전트(싸이크로스) · 도입 수량: 1식 | H82: RFP | I82: ECS / 위고 / 제논 | J82: 서버 모니터링: 서버관리 에이전트(싸이크로스) 1식 설치 및 위원회 보안정책 적용·연동 검증 | Q82: 완료 | R82: 수용 | S82: 수용 | T82: 46246
A83: 시스템 장비 요구사항 | B83: ECR-009 | C83: 위원회 보안 SW 도입 | D83: 도입 또는 생성 시스템에 설치 되어야 할 보안 SW 도입 규격 정의 | E83: ECR-009-01-01 | F83: 보안 소프트웨어 | G83: 서버 백신: V3 Net for Linux Server (AhnLab V3) | H83: RFP | I83: 제논 | J83: 서버 백신: V3 Net for Linux Server (AhnLab V3)를 도입 서버 전체에 설치하고 정책·라이선스·정상 동작 검증 | L83: · 설치 계획서 · 설치확인서(설치결과서) · 정품 확인서(제품보증서) · 라이선스 증서 · 제조사 기술지원확약서 · 제조사 물품공급확약서 | Q83: 완료 | R83: 수용 | S83: 수용 | T83: 46246
E84: ECR-009-01-02 | G84: 서버 보안: Red Castle(SGA솔루션즈) | H84: RFP | I84: 제논 | J84: 서버 보안: Red Castle(SGA솔루션즈)를 도입 서버 전체에 설치하고 정책·라이선스·정상 동작 검증 | Q84: 완료 | R84: 수용 | S84: 수용 | T84: 46246
E85: ECR-009-01-03 | G85: - 시스템 접근통제: Hi-PSM Node(넷앤드) · 적용 대상: Unix, Linux, Windows Server 및 네트워크 장비 | H85: RFP | I85: 제논 | J85: 시스템 접근통제: Hi-PSM Node(넷앤드)를 도입 서버 전체에 설치하고 정책·라이선스·정상 동작 검증 | Q85: 완료 | R85: 수용 | S85: 수용 | T85: 46246
E86: ECR-009-01-04 | G86: 서버 개인정보 탐지: 서버개인정보 검출시스템 ServerFilter(지란지교) | H86: RFP | I86: 제논 | J86: ServerFilter를 도입 서버 전체에 설치하고 탐지정책·라이선스·동작 검증 | Q86: 완료 | R86: 수용 | S86: 수용 | T86: 46246
E87: ECR-009-01-05 | G87: 서버 모니터링: 서버관리 에이전트(싸이크로스) | H87: RFP | I87: 제논 | J87: 서버 모니터링: 서버관리 에이전트(싸이크로스)를 도입 서버 전체에 설치하고 정책·라이선스·정상 동작 검증 | Q87: 완료 | R87: 수용 | S87: 수용 | T87: 46246
E88: ECR-009-02-01 | F88: 도입 수량 | G88: 도입 서버 전체 | H88: RFP | I88: 제논 | J88: ECR-009 보안 소프트웨어를 도입 서버 전체 수량(15식)에 맞춰 설치·적용. 다만, 서버개인정보 검출시스템 ServerFilter(지란지교)는 16식을 도입하여 설치(ECR-008-04-04 관련) | Q88: 완료 | R88: 수용 | S88: 수용 | T88: 46246
A89: 시스템 장비 요구사항 | B89: ECR-010 | C89: WORM 스토리지 구성 | D89: 위변조 방지를 위한 WORM 스토리지 구성 | E89: ECR-010-01-01 | F89: 위변조 방지를 위한 WORM 스토리지 구성 | G89: 위변조 방지를 위한 WORM 스토리지 구성 | H89: 기술협상서 | I89: 제논 | J89: netapp의 snaplock 기능을 통해서 WORM (Write Once Read Many) 기능 제공(License 구매하여 WORM 처리) | Q89: 완료 | R89: 수용 | S89: 수용 | T89: 46246
A90: 시스템 장비 요구사항 | B90: ECR-011 | C90: 벡터 데이터베이스 - 온프레미스 배포 가능, 하이브리드 검색지원, 메타데이터 필터링 지원 | D90: 벡터 데이터베이스 - 온프레미스 배포 가능, 하이브리드 검색지원, 메타데이터 필터링 지원 | E90: ECR-011-01-01 | F90: 벡터 데이터베이스 - 온프레미스 배포 가능, 하이브리드 검색지원, 메타데이터 필터링 지원 | G90: RFP의 벡터DB를 pgvector → Weaviate로 변경하여 제안 - 온프레미스 배포 가능, 하이브리드 검색지원, 메타데이터 필터링 지원 | H90: 기술협상서 | I90: 제논 | J90: - pgvector가 아닌 Weaviate를 벡터 저장소로 제안 - AI 플랫폼 RDB와 VectorDB를 기존 아키텍쳐 Database Zone에서 Woker로 편입 - 원문과 메타데이터, 청크는 RDB에 정본으로 보존, 벡터 저장소는 재색인으로 복구 가능한 파생 인덱스로 분리 설계 - 벡터 데이터를 관리하고 백업할 수 있는 관리 UI 제공 - 수집과 임베딩, 검색 로직을 표준 프레임워크로 모듈화하고 타 엔진 재색인 절차와 샘플 코드를 인수인계 문서에 명시 - 스토리지 선택 근거와 복제 간 쓰기 증폭률을 산정, I/O 병목 최적화 방안은 협의 후 적용 - 검수 시 노드 종료와 볼륨 단절을 가정한 모의훈련으로 RTO와 RPO 기준 충족 여부 검증 - 전 배포를 Helm 기반 IaC로 구현, 설정값은 주석과 함께 Git 이관, 시크릿은 위원회가 복호화 가능한 표준 방식으로 관리 - 문서와 인수인계 완료를 검수 조건으로 반영, 계약 종료 시 데이터 반환과 삭제 절차 보장 | K90: 수행사에서 제공한 서면자료(260821, 금)를 토대로 발주사 내부 회의를 통해 수용여부 결정 예정 | Q90: 완료 | R90: 수용 | S90: 수용 | T90: 46259
A91: 시스템 장비 요구사항 | B91: ECR-012 | C91: 독립운영 및 배포 파이프라인 투명성 관련 | D91: 독립운영 및 배포 파이프라인 투명성 관련 | E91: ECR-012-01-01 | F91: 독립운영 및 배포 파이프라인 투명성 관련 | G91: - GitOps 원칙과 및 OSS 기반 구축 관련 반복하여 논의하는 것은 제안요청서(RFP)에 명시된 기본 구축 범위에 해당하므로, 이를 별도의 추가 과업이나 비용 산정 대상은 아님 - (ECR-006)에서 ArgoCD, GitLab CI/CD 등은 제논 솔루션이 선택적으로 연계할 기능이 아니라 본 사업에서 독립적으로 구축해야 할 필수 인프라임. 위원회는 이를 통해 기술 종속 방지, 운영 권한 확보, 기술 이전 가능성을 보장받아야 함 ▪ 해당 내용은 사업수행계획서 및 계약 산출물에 명시 | H91: 기술협상서 | I91: 제논 | J91: - GenOS는 내부 Gitea 기반 코드 저장소뿐 아니라 외부 Git 저장소(Bitbucket, GitHub, Gitea 등) 연계, Commit/Branch 기준 변경 이력 확인, 승인 기반 운영 이관, 대상 저장소 Push, 내부 컨테이너·패키지 저장소 연계를 지원하는 구조임 - 따라서, 위원회에서 요구하신 GitOps 원칙 기반 배포 투명성, 변경 이력 추적, 승인 기반 배포, 장애 시 이전 Revision 기준 롤백 체계는 수용 가능함 - 서비스를 배포하는 "코드서빙" 기능은 내부 Git 뿐만 아니라 위원회에서 사용하는 Git서버의 커밋을 가져와서 배포할 수 있음 - 개발-운영 이관 배포시에도 위원회의 Git이나 CI/CD 파이프라인과 연동할 수 있도록 제공할 예정이며, 이 과정에서 위원회에서 사용하는 레지스트리 연동도 가능함 - 다만, 위원회가 언급한 ArgoCD, GitLab Runner/CI, Harbor, Nexus 등 특정 OSS 도구의 적용 방식은 위원회 표준 도구, 망분리/DMZ, Proxy, 인증서, 계정/토큰, 레지스트리 정책 등을 확인한 후 상세 설계 단계에서 확정 예정임 | Q91: 완료 | R91: 수용 | S91: 수용 | T91: 46246
A92: 시스템 장비 요구사항 | B92: ECR-013 | C92: ‘26.6.8 아키텍처 변경 제안 관련 | D92: ‘26.6.8 아키텍처 변경 제안 관련 | E92: ECR-013-01-01 | F92: ‘26.6.8 아키텍처 변경 제안 관련 | G92: RFP 베어메탈 DB Zone을 K8s로 편입, DB·VectorDB를 Operator 기반으로 자동화하는 방식으로 변경 제안함 | H92: 기술협상서 | I92: 제논 | J92: - 제안요청서 p10 “통합 AI플랫폼 시스템 개념도” 기준 Database Zone AI 플랫폼 RDB/Vector DB서버 이중화 구성을 AI 플랫폼 K8s Cluster Worker node로 구성 - 하드웨어와 라이선스, 부속 장비 수량 변동을 당초 아키텍처 및 RFP 기준과 비교한 계약서와 납품명세서 제출하겠음 - 이중화와 예비부품, 장애 분리, 운영 콘솔, 백업 장비는 RFP 대비 축소 없이 유지 - 장비를 기능별 수량으로 명시하여 제공 하겠음 - DB 서버 제거 시 상응하는 Worker와 스토리지, 이중화, 백업, 장애복구 수단은 동등 유지하겠음 - 스토리지 통합을 이유로 용량과 성능, 이중화를 축소하거나 저사양으로 대체하지 않음 - 분산 스토리지 전환이 운영 단순화에 그치지 않고 물리적 이중화를 동등 이상으로 보장함을 입증하겠음 - 납품물 기준은 BOM과 성능 검증으로 하고, 납품 목록과 부하 테스트 범위는 축소 없이 유지 - 설치와 튜닝, 장애 대응, 패치, 백업과 복구, 모니터링, 보안 설정, 전환 지원 등 운영 책임 범위를 계약서에 항목별로 분리 기재 | K92: 수행사에서 제공한 서면자료(260821, 금)를 토대로 발주사 내부 회의를 통해 수용여부 결정 예정 | Q92: 완료 | R92: 수용 | S92: 수용 | T92: 46259

Sheet 인터페이스
A1: 요구사항정의서-비기능
A2: 사업명 | D2: 신용회복위원회 통합 AI 플랫폼 구축 사업 | H2: 업무 구분 | K2: 인터페이스 요구사항 | P2: 작성자 | S2: 김현근
A3: 단계 | D3: 요구분석, 설계, 구현, 테스트, 전개 | H3: 작성일자 | K3: 2026.08.24 | P3: 버전 | S3: v.0.999
A5: 요구사항 분류 | B5: 요구사항 고유번호 | C5: 요구사항 명 | D5: 정의 | E5: 상세요구사항ID | F5: 상세요구사항명 | G5: 상세요구사항 설명 | H5: 요구사항 출처 | I5: 담당 수행사 | J5: 제약사항 및 처리(수행)방안 | K5: 위원회 검토 의견(26.8.12.) | L5: 산출정보(RFP 기준) | M5: 산출물(방법론 테일러링 결과서) | N5: 요구사항 상태 | O5: 중요도 | P5: 담당자 | Q5: 완료여부 | R5: 수행사 수용 여부 | S5: 위원회 수용 여부 | T5: 비고(변경처리내역 등)
A6: 인터페이스 요구사항 | B6: INR-001 | C6: SSO 통합 인증·인사정보 연동 인터페이스 | D6: 한 번의 로그인으로 전체 시스템에 접근하는 통합 인증 환경 및 업무담당자 검색을 위한 인사정보시스템 연동 규격 정의 | E6: INR-001-01-01 | F6: [기존 SSO 체계 연동] | G6: - 시스템은 기존 위원회 SSO 체계와 연계하여 통합 로그인 기능을 제공하여야 한다. 단 한 번의 로그인으로 연결된 모든 대상 업무시스템으로 이동이 가능한 통합 인증 환경을 구축하여야 한다. 연동 대상 시스템 목록 및 연동 방식은 다음과 같다. · 기간계 시스템: 기존 SSO Agent 연동 · 신규 AI 플랫폼: 표준 프로토콜 기반 연동 | H6: RFP | J6: 위원회 SSO와 통합 로그인·단일 세션을 연동하고 대상 시스템·인증방식 협의·확정 | L6: · 인터페이스 설계서 · API 적용 가이드 | Q6: 완료 | R6: 수용 | S6: 수용 | T6: 46246
E7: INR-001-02-01 | F7: [플랫폼 호환성] | G7: - 시스템은 다음 운영 환경과의 호환성을 보장하여야 한다 · OS: UNIX, Linux (RHEL, CentOS, Ubuntu), Windows Server · WAS: WebLogic, JEUS, Tomcat, WildFly · 브라우저: Chrome, Edge (최신 버전 기준) | H7: RFP | J7: UNIX/Linux/Windows·WebLogic/JEUS/Tomcat/WildFly·Chrome/Edge 호환성 검증 | Q7: 완료 | R7: 수용 | S7: 수용 | T7: 46246
E8: INR-001-03-01 | F8: [연동 인터페이스 제공] | G8: - 시스템은 다양한 운영 환경을 고려한 전용 API와 Filter를 제공하여 기존 시스템 소스 수정을 최소화하여야 한다. 다음 연동 방식을 지원하여야 한다 · REST API 기반 인증 토큰 발급/검증 · Servlet Filter 기반 세션 연동 · SAML/OAuth 표준 프로토콜 지원 | H8: RFP | J8: [Before] 전용 API·Filter 제공으로 기존 시스템 소스 변경 최소화 [After] 전용 API·Filter 제공으로 기존 시스템 소스 변경 최소화 하기 연동 방식 중 시스템 적합성을 검토하여 우선순위를 부여하여 연동 방식 선정 · REST API 기반 인증 토큰 발급/검증 · Servlet Filter 기반 세션 연동 · SAML/OAuth 표준 프로토콜 지원 | K8: 별도 기재한 '연동방식'을 수행방안에서 제외한 부분에 대한 문의(G열에 나열한 연동방식을 모두 수용할 수 있는지 여부) | Q8: 완료 | R8: 수용 | S8: 수용 | T8: 46255
E9: INR-001-03-02 | G9: 연동 가이드 문서 및 샘플 코드를 제공하여야 한다. | H9: RFP | J9: 연동 가이드 문서 및 샘플 코드를 제공 | Q9: 완료 | R9: 수용 | S9: 수용 | T9: 46246
E10: INR-001-04-01 | F10: [인사정보시스템 또는 계정관리시스템(IM시스템) 연동 방식 및 프로토콜] | G10: - 인사정보시스템 또는 계정관리시스템(IM시스템) 과의 연동 방식을 정의하여야 한다. · API 연동: REST API (HTTPS), 실시간 조회 · 배치 연동: 파일 기반(CSV/XML) 또는 DB 직접 조회, 일 단위 동기화 | H10: RFP | J10: 인사·계정정보를 REST API 실시간 조회 또는 파일/DB 일배치 방식으로 연동 | Q10: 완료 | R10: 수용 | S10: 수용 | T10: 46246
E11: INR-001-04-02 | G11: 연동 방식의 최종 선정은 위원회와 협의하여 확정한다. | H11: RFP | J11: 인사·계정정보 연동 방식은 대상 시스템과 인터페이스 구조 검토 후 위원회 협의·확정 | Q11: 완료 | R11: 수용 | S11: 수용 | T11: 46246
E12: INR-001-05-01 | F12: [인사정보 연동 데이터 항목] | G12: - 수신 데이터 항목을 정의하여야 한다: · 필수: 사번, 성명, 부서명, 직급, 직책, 내선번호, 이메일 | H12: RFP | J12: 사번·성명·부서·직급·직책·내선·이메일을 인사정보 필수 연동항목으로 정의 | Q12: 완료 | R12: 수용 | S12: 수용 | T12: 46246
E13: INR-001-05-02 | G13: 데이터 형식(문자열/숫자), 최대 길이, 인코딩(UTF-8을 명시하여야 한다. | H13: RFP | J13: 연동 데이터 형식(문자열/숫자)·최대길이·UTF-8 인코딩 정의 | Q13: 완료 | R13: 수용 | S13: 수용 | T13: 46246
E14: INR-001-06-01 | F14: [인사정보 동기화 주기 및 정합성] | G14: 배치 동기화 주기(일 1회/주 1회)의 기본값 및 관리자 조정 범위를 정의하여야 한다. | H14: RFP | J14: 배치 동기화 주기(일 1회/주 1회)의 기본값 및 관리자 조정 범위를 정의 | Q14: 완료 | R14: 수용 | S14: 수용 | T14: 46246
E15: INR-001-06-02 | G15: 인사이동·퇴직 등 변경 발생 시 동기화 처리 방식(전체 교체/증분 반영)을 정의하여야 한다. | H15: RFP | J15: 인사이동·퇴직 등 변경 발생 시 동기화 처리 방식(전체 교체/증분 반영)을 정의 | Q15: 완료 | R15: 수용 | S15: 수용 | T15: 46246
A16: 인터페이스 요구사항 | B16: INR-002 | C16: 언어모델 표준 인터페이스 | D16: 언어모델 교체 시 상위 서비스 영향을 최소화하기 위한 표준 인터페이스 구조 정의 | E16: INR-002-01-01 | F16: [모델 추상화 레이어] | G16: 시스템은 상위 서비스(Agent, RAG 등)와 하위 언어모델 간 결합도 를 최소화하는 추상화 레이어를 제공하여야 한다. | H16: RFP | J16: 상위 서비스(Agent, RAG 등)와 하위 언어모델 간 결합도 를 최소화하는 추상화 레이어를 제공 | L16: · 인터페이스 설계서 · API 적용 가이드 | Q16: 완료 | R16: 수용 | S16: 수용 | T16: 46246
E17: INR-002-01-02 | G17: 모델 교체 또는 업그레이드 시 상위 서비스의 코드 수정 없이 설정 변경만으로 전환이 가능하여야 한다. | H17: RFP | J17: 모델 교체 또는 업그레이드 시 상위 서비스의 코드 수정 없이 설정 변경만으로 전환이 가능 | Q17: 완료 | R17: 수용 | S17: 수용 | T17: 46246
E18: INR-002-02-01 | F18: [표준 API 호환] | G18: 모델 연동 API는 OpenAI API 호환 형식을 지원하여야 한다. | H18: RFP | J18: 모델 연동 API는 OpenAI API 호환 형식을 지원 | Q18: 완료 | R18: 수용 | S18: 수용 | T18: 46246
E19: INR-002-02-02 | G19: 향후 정부 표준 모델 API 규격 제정 시 해당 규격으로 전환이 용이 한 구조여야 한다. | H19: RFP | J19: 향후 정부 표준 모델 API 규격으로 용이하게 전환 가능한 구조 적용 | Q19: 완료 | R19: 수용 | S19: 수용 | T19: 46246
E20: INR-002-02-03 | G20: API 버전 관리를 통해 하위 호환성을 보장하여야 한다. | H20: RFP | J20: API 버전 관리를 통해 하위 호환성을 보장 | Q20: 완료 | R20: 수용 | S20: 수용 | T20: 46246
E21: INR-002-03-01 | F21: [서비스-모델 매핑 구성] | G21: 각 AI 서비스 (Agent)는 독립된 언어모델 인스턴스에 연결되며, 서비스별 모델 할당은 설정을 통해 관리되어야 한다. | H21: RFP | J21: 각 AI 서비스 (Agent)는 독립된 언어모델 인스턴스에 연결되며, 서비스별 모델 할당은 설정을 통해 관리 | Q21: 완료 | R21: 수용 | S21: 수용 | T21: 46246
E22: INR-002-03-02 | G22: 서비스-모델 매핑 구성은 코드 변경 없이 설정 파일 또는 관리자 화면을 통해 변경 가능하여야 한다. | H22: RFP | J22: 서비스-모델 매핑 구성은 코드 변경 없이 설정 파일 또는 관리자 화면을 통해 변경 가능 | Q22: 완료 | R22: 수용 | S22: 수용 | T22: 46246
A23: 인터페이스 요구사항 | B23: INR-003 | C23: 내부 업무포털 지식 수집 인터페이스 | D23: 수집 인터페이스 제공 | E23: INR-003-01-01 | F23: 데이터 수집 파이프라인 인터페이스를 제공 | G23: 시스템은 내부 업무포털 중 위원회가 지정하는 게시판에 등록되는 게시글의 본문 및 첨부파일을 상담지식 Agent 지식베이스로 반자동 수집할 수 있는 데이터 수집 파이프라인 인터페이스를 제공하여야 한다. | H23: RFP | J23: 지정 게시판 본문·첨부파일을 상담지식 Agent 지식베이스로 반자동 수집 | L23: · 인터페이스 설계서 | Q23: 완료 | R23: 수용 | S23: 수용 | T23: 46246
E24: INR-003-02-01 | F24: 증분 인덱싱 파이프라인으로 전달 | G24: 시스템은 수집 대상 게시판·카테고리·문서 유형을 관리자가 지정할 수 있어야 하며, 신규 게시물 등록 시 수집 대상 여부를 자동 판별하고 SFR에서 정의한 증분 인덱싱 파이프라인으로 전달하는 기능을 제공하여야 한다. | H24: RFP | J24: 게시판·카테고리·문서유형별 수집대상 자동판별 후 증분 인덱싱 파이프라인 전달 | Q24: 완료 | R24: 수용 | S24: 수용 | T24: 46246
E25: INR-003-03-01 | F25: 지식 저장소 인덱스 구조에 적재 | G25: 시스템은 수집된 문서에 대해 제도 구분·문서 유형·시행일자 등 메타데이터를 자동 또는 반자동으로 태깅하여 SFR에서 정의한 지식 저장소 인덱스 구조에 적재하여야 한다. | H25: RFP | J25: 제도구분·문서유형·시행일자 메타데이터 자동/반자동 태깅 및 지식 인덱스 적재 | Q25: 완료 | R25: 수용 | S25: 수용 | T25: 46246
A26: 인터페이스 요구사항 | B26: INR-004 | C26: STT 엔진 연동 인터페이스 | D26: 콜센터 상담 어시스턴트 및 회의록 생성 서비스를 위한 STT 엔진 실시간 연동 인터페이스 규격 정의 | E26: INR-004-01-01 | F26: [콜센터 STT 실시간 스트리밍 연동] | G26: 기존 콜센터 STT 엔진의 실시간 스트리밍 출력을 수신하기 위한 연동 인터페이스를 정의하여야 한다. | H26: RFP | J26: 기존 콜센터 STT 엔진의 실시간 스트리밍 출력을 수신하기 위한 연동 인터페이스를 정의 | L26: · 인터페이스 설계서 | Q26: 완료 | R26: 수용 | S26: 수용 | T26: 46246
E27: INR-004-01-02 | G27: 화자 구분 신호 규격(화자 ID, 발언 시작/종료 타임스탬프, 신뢰도 점수)을 정의하여야 한다. | H27: RFP | J27: 화자 구분 신호 규격(화자 ID, 발언 시작/종료 타임스탬프, 신뢰도 점수)을 정의 | Q27: 완료 | R27: 수용 | S27: 수용 | T27: 46246
E28: INR-004-01-03 | G28: STT 엔진과의 세션 관리(연결 설정, 유지, 종료) 프로토콜을 정의하여야 한다. | H28: RFP | J28: STT 엔진과의 세션 관리(연결 설정, 유지, 종료) 프로토콜을 정의 | Q28: 완료 | R28: 수용 | S28: 수용 | T28: 46246
E29: INR-004-02-01 | F29: [오류 처리 및 재시도 정책] | G29: 스트리밍 연결 끊김 시 자동 재연결 정책(재시도 횟수, 간격)을 정의하여야 한다. | H29: RFP | J29: 스트리밍 연결 끊김 시 자동 재연결 정책(재시도 횟수, 간격)을 정의 | Q29: 완료 | R29: 수용 | S29: 수용 | T29: 46246
E30: INR-004-02-02 | G30: 변환 실패 시 오류 코드 체계 및 대응 방안을 정의하여야 한다. | H30: RFP | J30: 변환 실패 시 오류 코드 체계 및 대응 방안을 정의 | Q30: 완료 | R30: 수용 | S30: 수용 | T30: 46246
A31: 인터페이스 요구사항 | B31: INR-005 | C31: 기간계 협약기관 정보 연동 인터페이스 | D31: 협약기관 서비스를 위한 기간계 협약기관 정보 일 배치 자동 수집 인터페이스 규격 정의 | E31: INR-005-01-01 | F31: [연동 방식 및 프로토콜] | G31: - 기간계 협약기관 정보 수집을 위한 연동 방식을 정의하여야 한다. · DB 직접 조회, API 연동 | H31: RFP | J31: 기간계 협약기관 정보 수집을 위한 연동 방식을 정의·DB 직접 조회, API 연동 | L31: · 인터페이스 설계서 | Q31: 완료 | R31: 수용 | S31: 수용 | T31: 46246
E32: INR-005-01-02 | G32: 연동 방식의 최종 선정은 위원회와 협의하여 확정한다. | H32: RFP | J32: 협약기관 정보 연동 방식은 기간계 구조 검토 후 위원회 협의·확정 | Q32: 완료 | R32: 수용 | S32: 수용 | T32: 46246
E33: INR-005-02-01 | F33: [배치 수집 프로토콜] | G33: 배치 실행 주기: 일 1회 (기본값), 관리자 웹 UI에서 조정 가능 | H33: RFP | J33: 배치 실행 주기: 일 1회 (기본값), 관리자 웹 UI에서 조정 가능 | Q33: 완료 | R33: 수용 | S33: 수용 | T33: 46246
E34: INR-005-02-02 | G34: 배치 실행 시각: 업무 시간 외 (기본 02:00), 관리자 설정 가능 | H34: RFP | J34: 배치 실행 시각: 업무 시간 외 (기본 02:00), 관리자 설정 가능 | Q34: 완료 | R34: 수용 | S34: 수용 | T34: 46246
E35: INR-005-02-03 | G35: 수집 방식: 전체 교체 또는 변경분(신규/수정/삭제) 증분 수집 | H35: RFP | J35: 수집 방식: 전체 교체 또는 변경분(신규/수정/삭제) 증분 수집 | Q35: 완료 | R35: 수용 | S35: 수용 | T35: 46246
E36: INR-005-02-04 | G36: 배치 수행 결과 리포트(변경 건수, 성공/실패) 생성 규격을 정의하여야 한다. | H36: RFP | J36: 배치 수행 결과 리포트(변경 건수, 성공/실패) 생성 규격을 정의 | Q36: 완료 | R36: 수용 | S36: 수용 | T36: 46246
E37: INR-005-03-01 | F37: [연동 데이터 항목] | G37: - 수신 데이터 항목을 정의하여야 한다: · 필수: 기관명, 협약 유형, 협약 제도 구분, 협약 일자, 상태(유효/해지) · 선택: 담당자 성명, 담당자 연락처, 담당 업무 | H37: RFP | J37: 기관명·협약유형·제도구분·협약일자·상태와 담당자 정보를 연동 항목으로 정의 | Q37: 완료 | R37: 수용 | S37: 수용 | T37: 46246
E38: INR-005-03-02 | G38: 데이터 형식(문자열/날짜/코드), 코드 체계(협약 유형, 제도 구분)를 명시하여야 한다. | H38: RFP | J38: 데이터 형식(문자열/날짜/코드), 코드 체계(협약 유형, 제도 구분)를 명시 | Q38: 완료 | R38: 수용 | S38: 수용 | T38: 46246
E39: INR-005-04-01 | F39: [인증 및 보안] | G39: 인증 방식을 정의하여야 한다. | H39: RFP | J39: 인증 방식을 정의 | Q39: 완료 | R39: 수용 | S39: 수용 | T39: 46246
E40: INR-005-04-02 | G40: 폐쇄망 내부 통신 시에도 전송 구간 암호화 적용 여부를 명시하여야 한다. | H40: RFP | J40: 폐쇄망 내부 통신 시에도 전송 구간 암호화 적용 여부를 명시 | Q40: 완료 | R40: 수용 | S40: 수용 | T40: 46246
E41: INR-005-05-01 | F41: [오류 처리] | G41: 배치 오류 발생 시 기존 데이터 유지 정책 및 관리자 알림 규격을 정의하여야 한다. | H41: RFP | J41: 배치 오류 발생 시 기존 데이터 유지 정책 및 관리자 알림 규격을 정의 | Q41: 완료 | R41: 수용 | S41: 수용 | T41: 46246
E42: INR-005-05-02 | G42: 오류 유형(연결 실패/인증 실패/데이터 형식 오류) 코드 체계를 정의하여야 한다. | H42: RFP | J42: 오류 유형(연결 실패/인증 실패/데이터 형식 오류) 코드 체계를 정의 | Q42: 완료 | R42: 수용 | S42: 수용 | T42: 46246
A43: 인터페이스 요구사항 | B43: INR-006 | C43: 사용자 인터페이스(UI/UX) | D43: 생성형 AI 플랫폼의 사용자 인터페이스 설계 및 사용자 경험 기준 정의 | E43: INR-006-01-01 | F43: [UI/UX 설계 기준] | G43: 시스템의 UI/UX 설계는 「디지털정부서비스 UI·UX 가이드라인」을 준수하여야 한다. | H43: RFP | J43: 시스템의 UI/UX 설계는 「디지털정부서비스 UI·UX 가이드라인」을 준수 | L43: · UI/UX 설계서 · 사용자 매뉴얼 (관리자용•사용자용) | Q43: 완료 | R43: 수용 | S43: 수용 | T43: 46246
E44: INR-006-01-02 | G44: 사용자의 접근성과 직관성을 높인 최적화된 화면 및 정보 구조를 제공하여야 한다. | H44: RFP | J44: 사용자의 접근성과 직관성을 높인 최적화된 화면 및 정보 구조를 제공 | Q44: 완료 | R44: 수용 | S44: 수용 | T44: 46246
E45: INR-006-01-03 | G45: 위원회 내부 업무시스템과의 시각적 통일성을 고려하여 UI를 구성하여야 한다. | H45: RFP | J45: 위원회 내부 업무시스템과의 시각적 통일성을 고려하여 UI를 구성 | Q45: 완료 | R45: 수용 | S45: 수용 | T45: 46246
E46: INR-006-02-01 | F46: [사용자 그룹별 인터페이스] | G46: 사용자 계정 권한에 따라 맞춤형 UI를 제공하여야 한다(운영자/권한을 부여받은 사용자/일반 사용자/콜센터 상담사) | H46: RFP | J46: 사용자 계정 권한에 따라 맞춤형 UI를 제공(운영자/권한을 부여받은 사용자/일반 사용자/콜센터 상담사) | Q46: 완료 | R46: 수용 | S46: 수용 | T46: 46246
E47: INR-006-02-02 | G47: 관리자 화면은 Agent 관리, 모니터링, 사용자 권한 설정 등 운영 기능에 최적화된 레이아웃을 제공하여야 한다. | H47: RFP | J47: 관리자 화면은 Agent 관리, 모니터링, 사용자 권한 설정 등 운영 기능에 최적화된 레이아웃을 제공 | Q47: 완료 | R47: 수용 | S47: 수용 | T47: 46246
E48: INR-006-03-01 | F48: [대화형 AI 인터페이스] | G48: 생성형 AI 서비스는 대화형(챗봇형) 프롬프트 인터페이스를 기본으로 제공하여야 한다. | H48: RFP | J48: 대화형(챗봇형) 프롬프트 인터페이스 기본 제공 | Q48: 완료 | R48: 수용 | S48: 수용 | T48: 46246
E49: INR-006-03-02 | G49: AI 응답 영역에 출처 정보, 피드백 버튼 등을 직관적으로 배치해야 하며, 상세 레이아웃은 위원회와 협의하여 확정한다. | H49: RFP | J49: AI 응답 영역에 출처 정보, 피드백 버튼 등을 직관적으로 배치하고 레이아웃은 위원회 협의 후 확정 | Q49: 완료 | R49: 수용 | S49: 수용 | T49: 46246
E50: INR-006-04-01 | F50: [웹 호환성] | G50: 「전자정부 웹사이트 품질관리 지침」 을 준수하여야 한다. | H50: RFP | J50: 「전자정부 웹사이트 품질관리 지침」 을 준수 | Q50: 완료 | R50: 수용 | S50: 수용 | T50: 46246
E51: INR-006-04-02 | G51: 웹 표준 및 크로스 브라우징 관련 세부 사항은 COR를 따른다. | H51: RFP | J51: 웹 표준 및 크로스 브라우징 관련 세부 사항은 COR를 준수 | Q51: 완료 | R51: 수용 | S51: 수용 | T51: 46246
E52: INR-006-05-01 | F52: [사용자 매뉴얼] | G52: 관리자용 및 사용자용(사용자·콜센터 상담사) 매뉴얼을 각각 제공하여야 한다. | H52: RFP | J52: 관리자용 및 사용자용(사용자·콜센터 상담사) 매뉴얼을 각각 제공 | Q52: 완료 | R52: 수용 | S52: 수용 | T52: 46246
A53: 인터페이스 요구사항 | B53: INR-007 | C53: 데이터분석 환경(MLOps)-AI 플랫폼 간 연동 | D53: 데이터분석 환경(MLOps)의 모델 데이터를 AI 플랫폼에서 조회·분석할 수 있도록 하는 시스템 간 연동 인터페이스 규격 정의 | E53: INR-007-01-01 | F53: [연동대상] | G53: AI 플랫폼은 MLOps 및 관련 모델 데이터를 조회,분석에 활용할 수 있어야 한다. | H53: RFP | J53: MLOps 및 관련 모델 데이터를 조회,분석에 활용 가능 | L53: · 인터페이스 설계서 | Q53: 완료 | R53: 수용 | S53: 수용 | T53: 46246
E54: INR-007-01-02 | G54: 연동 대상 데이터의 범위는 위원회와 협의하여 확정한다. | H54: RFP | J54: 연동 대상 데이터의 범위는 위원회 협의 후 확정 | Q54: 완료 | R54: 수용 | S54: 수용 | T54: 46246
E55: INR-007-02-01 | F55: [연동방식] | G55: AI 플랫폼과 MLOps 간 연동은 직접 DB접근 또는 API 기반 조회 중 업체의 제안 및 위원회와 협의하여 확정한다. | H55: RFP | J55: AI 플랫폼과 MLOps 간 연동은 직접 DB접근 또는 API 기반 조회 중 업체의 제안 및 위원회 협의 후 확정 | Q55: 완료 | R55: 수용 | S55: 수용 | T55: 46246
E56: INR-007-02-02 | G56: 연동 구간의 접근 권한은 RBAC 정책을 준수하여야 한다. | H56: RFP | J56: 연동 구간의 접근 권한은 RBAC 정책을 준수 | Q56: 완료 | R56: 수용 | S56: 수용 | T56: 46246
E57: INR-007-03-01 | F57: [운영 요건] | G57: 데이터 갱신 이후 AI 플랫폼에서 최신 데이터가 조회 가능한 상태로 유지되어야 한다. | H57: RFP | J57: 데이터 갱신 이후 AI 플랫폼에서 최신 데이터가 조회 가능한 상태로 유지 | Q57: 완료 | R57: 수용 | S57: 수용 | T57: 46246
E58: INR-007-03-02 | G58: 연동 장애 발생 시 AI 플랫폼 서비스 전체가 중단되지 않도록 장애 격리 방안을 수립하여야 한다. | H58: RFP | J58: 연동 장애 발생 시 AI 플랫폼 서비스 전체가 중단되지 않도록 장애 격리 방안을 수립 | Q58: 완료 | R58: 수용 | S58: 수용 | T58: 46246
A59: 인터페이스 요구사항 | B59: INR-008 | C59: 기간계 API 대응 개발 | D59: 기간계 API 대응 개발 | E59: INR-008-01-01 | F59: (Agent 협약기관 등) 기간계 API 별도로 없으며, 해당 API는 본 사업 사업자에서 대응 개발 필요(내부 시스템 간 데이터는 MCI 기반(mccube) 전문 송수신으로 사용 중) | G59: (Agent 협약기관 등) 기간계 API 별도로 없으며, 해당 API는 본 사업 사업자에서 대응 개발 필요(내부 시스템 간 데이터는 MCI 기반(mccube) 전문 송수신으로 사용 중) | H59: 기술협상서 | I59: 제논 | J59: [Before] API 개발(I/F 방안은 mccube와 협의하여 수행) [After] SFR-034-01-01과 동일하게 기간계 API 개발 범위를 ①협약기관 ②경영정보시스템 ③채권양수도 ④콜센터 고객정보 조회로 목록화 | K59: SFR-034-01-01 와 유사한 내용 API 연동범위에 대한 확정 필요 | Q59: 완료 | R59: 수용 | S59: 수용 | T59: 46255
A60: 인터페이스 요구사항 | B60: INR-009 | C60: 국가법령정보 공동활용 OPEN API 연동 및 VDB 적재 | D60: 국가법령정보 공동활용 OPEN API 연동 및 VDB 적재 | E60: INR-009-01-01 | F60: 국가법령정보 공동활용 OPEN API 연동 및 VDB 적재 | G60: 국가법령정보(법, 시행령, 시행규칙, 행정규칙 총 75건) 공동활용 OPEN API 연동 및 VDB 적재 | H60: 기술협상서 | I60: 제논 | J60: [Before] 국가법령정보(법, 시행령, 시행규칙, 행정규칙 총 75건) 공동활용 OPEN API 연동 및 VDB 적재 [After] 국가법령정보(법, 시행령, 시행규칙, 행정규칙 총 77건) 공동활용 OPEN API 연동 및 VDB 적재 | K60: 의견 없음. 다만 사업기간 내 법령정보연동 후 '복지로 API'까지 추가 연동하는 것이 사용자 만족도를 높일 수 있을 것으로 판단됨에 따라 검토 요청 | Q60: 완료 | R60: 수용 | S60: 수용 | T60: 46255

Sheet 데이터
A1: 요구사항정의서-비기능
A2: 사업명 | D2: 신용회복위원회 통합 AI 플랫폼 구축 사업 | H2: 업무 구분 | K2: 데이터 요구사항 | P2: 작성자 | S2: 김현근
A3: 단계 | D3: 요구분석, 설계, 구현, 테스트, 전개 | H3: 작성일자 | K3: 2026.08.24 | P3: 버전 | S3: v.0.999
A5: 요구사항 분류 | B5: 요구사항 고유번호 | C5: 요구사항 명 | D5: 정의 | E5: 상세요구사항ID | F5: 상세요구사항명 | G5: 상세요구사항 설명 | H5: 요구사항 출처 | I5: 담당 수행사 | J5: 제약사항 및 처리(수행)방안 | K5: 위원회 검토 의견(26.8.12.) | L5: 산출정보(RFP 기준) | M5: 산출물(방법론 테일러링 결과서) | N5: 요구사항 상태 | O5: 중요도 | P5: 담당자 | Q5: 완료여부 | R5: 수행사 수용 여부 | S5: 위원회 수용 여부 | T5: 비고(변경처리내역 등)
A6: 데이터 요구사항 | B6: DAR-001 | C6: 수집 대상 데이터 및 메타데이터 정의 | D6: 수집 데이터 범위 및 메타데이터 기준 정의 | E6: DAR-001-01-01 | F6: [수집 대상 데이터 정의] | G6: 내부망 수집 대상: 업무포털 게시자료, 기간계 연동 정보 등 문서의 상세 데이터 목록을 정의하여야 한다. | H6: RFP | I6: 제논 | J6: 내부망 수집 대상: 업무포털 게시자료, 기간계 연동 정보 등 문서의 데이터 목록을 정의 | L6: · 수집 데이터 목록 정의서 · 메타데이터 표준 관리항목 정의서 | Q6: 완료 | R6: 수용 | S6: 수용 | T6: 46246
E7: DAR-001-01-02 | G7: 외부망 수집 대상: 공공 API 연동 데이터, 관리자 수기 반입 외부 문서 등의 상세 데이터 목록을 정의하여야 한다. | H7: RFP | I7: 제논 | J7: 외부망 수집 대상: 공공 API 연동 데이터, 관리자 수기 반입 외부 문서 등의 데이터 목록을 정의 | Q7: 완료 | R7: 수용 | S7: 수용 | T7: 46246
E8: DAR-001-01-03 | G8: 각 수집 대상 데이터별 분류 체계, 보안등급, 수집 우선순위를 정의 상세 하여야 한다. | H8: RFP | I8: 제논 | J8: 수집대상별 분류체계·보안등급·수집 우선순위 정의 | Q8: 완료 | R8: 수용 | S8: 수용 | T8: 46246
E9: DAR-001-02-01 | F9: [메타데이터 정의] | G9: 문서 수준 및 청크 단위 메타데이터 항목을 정의하고, 상호 관계를 명시하여야 한다. | H9: RFP | I9: 제논 | J9: 문서 수준 및 청크 단위 메타데이터 항목을 정의하고, 상호 관계를 명시 | Q9: 완료 | R9: 수용 | S9: 수용 | T9: 46246
E10: DAR-001-02-02 | G10: 시행일·개정일 등 시계열 정보에 대한 관리 기준 및 시점별 적용 우선순위를 정의하여야 한다. | H10: RFP | I10: 제논 | J10: 시행일·개정일 등 시계열 정보에 대한 관리 기준 및 시점별 적용 우선순위를 정의 | Q10: 완료 | R10: 수용 | S10: 수용 | T10: 46246
E11: DAR-001-02-03 | G11: RAG 검색 시 필터링 및 가중치 부여에 활용할 항목을 식별하여야 한다. | H11: RFP | I11: 제논 | J11: RAG 검색 시 필터링 및 가중치 부여에 활용할 항목을 식별 | Q11: 완료 | R11: 수용 | S11: 수용 | T11: 46246
A12: 데이터 요구사항 | B12: DAR-002 | C12: 이력·로그·설정 변경 데이터 관리 정책 | D12: 이력·로그 데이터 관리 및 통제 기준 정의 | E12: DAR-002-01-01 | F12: [관리 대상 이력·로그 정의] | G12: 파이프라인 실행 이력(수집·파싱·임베딩 등), 질의·응답 처리 로그, 설정·콘텐츠 변경 이력 등 관리 대상 데이터의 범위를 정의하여야 한다. | H12: RFP | I12: 제논 | J12: 수집·파싱·임베딩·질의응답·설정변경 이력의 관리대상 범위 정의 | L12: · 데이터 관리 정책 정의서 | Q12: 완료 | R12: 수용 | S12: 수용 | T12: 46246
E13: DAR-002-02-01 | F13: [관리 정책] | G13: 이력·로그 데이터의 보존 기간, 저장 방식, 접근 권한 등 관리 기준을 정의하여야 한다. | H13: RFP | I13: 제논 | J13: 이력·로그 데이터의 보존 기간, 저장 방식, 접근 권한 등 관리 기준을 정의 | Q13: 완료 | R13: 수용 | S13: 수용 | T13: 46246
E14: DAR-002-02-02 | G14: 개인정보 및 민감정보는 관련 법령에 따라 마스킹 및 접근통제를 적용하여야 한다. | H14: RFP | I14: 제논 | J14: 개인정보 및 민감정보는 관련 법령에 따라 마스킹 및 접근통제를 적용 | Q14: 완료 | R14: 수용 | S14: 수용 | T14: 46246
E15: DAR-002-02-03 | G15: 세부 로그 항목 및 저장 구조는 사업자가 제안하며 기술협상을 통해 확정한다. | H15: RFP | I15: 제논 | J15: 세부 로그 항목 및 저장 구조는 사업자가 제안하며 기술협상을 통해 협의·확정 | Q15: 완료 | R15: 수용 | S15: 수용 | T15: 46246
A16: 데이터 요구사항 | B16: DAR-003 | C16: 사용자 활동 데이터 관리 정책 | D16: 사용자 데이터 수집·보존·활용 기준 정의 | E16: DAR-003-01-01 | F16: [사용자 활동 데이터 관리] | G16: 사용자 질의, 응답, 피드백 등 활동 데이터에 대한 수집·보존·활용 기준을 정의하여야 한다. | H16: RFP | I16: 제논 | J16: 사용자 질의, 응답, 피드백 등 활동 데이터에 대한 수집·보존·활용 기준을 정의 | L16: · 데이터 관리 정책 정의서 | Q16: 완료 | R16: 수용 | S16: 수용 | T16: 46246
E17: DAR-003-01-02 | G17: Ground Truth 데이터 구축 및 관리 방안을 정의하여야 한다. | H17: RFP | I17: 제논 | J17: Ground Truth 데이터 구축 및 관리 방안을 정의 | Q17: 완료 | R17: 수용 | S17: 수용 | T17: 46246
E18: DAR-003-01-03 | G18: 보존 기간, 활용 범위, 접근 권한 등을 정의하고, 개인정보 보호는 SER 기준을 따른다. | H18: RFP | I18: 제논 | J18: 보존 기간, 활용 범위, 접근 권한 등을 정의하고, 개인정보 보호는 SER 기준을 준수 | Q18: 완료 | R18: 수용 | S18: 수용 | T18: 46246
E19: DAR-003-01-04 | G19: 세부 관리 기준 및 활용 방식은 사업자가 제안하며 기술협상을 통해 확정한다. | H19: RFP | I19: 제논 | J19: 세부 관리 기준 및 활용 방식은 사업자가 제안하며 기술협상을 통해 협의·확정 | Q19: 완료 | R19: 수용 | S19: 수용 | T19: 46246
A20: 데이터 요구사항 | B20: DAR-004 | C20: 데이터 표준 수립 및 품질 관리 | D20: 데이터 표준·품질·구조 관리 기준 정의 | E20: DAR-004-01-01 | F20: [데이터 표준 수립] | G20: 데이터 표준(용어, 코드, 도메인 등)을 정의하고 관리 방안을 수립하여야 한다. | H20: RFP | I20: 제논 | J20: 데이터 표준(용어, 코드, 도메인 등)을 정의·관리 방안을 수립 | L20: · 데이터 표준 사전 · 데이터베이스 설계서 (ERD 포함) · 데이터 품질 검증 결과서 | Q20: 완료 | R20: 수용 | S20: 수용 | T20: 46246
E21: DAR-004-01-02 | G21: 행정안전부 공공데이터베이스 표준화 기준 및 위원회 내부 기준을 준 수하여야 한다. | H21: RFP | I21: 제논 | J21: 행정안전부 공공DB 표준화 기준 및 위원회 내부 표준 준수 | Q21: 완료 | R21: 수용 | S21: 수용 | T21: 46246
E22: DAR-004-02-01 | F22: [데이터 구조 설계 및 품질 관리] | G22: 데이터 구조(스키마) 설계 및 변경 이력 관리 기준을 정의하여야 한다. | H22: RFP | I22: 제논 | J22: 데이터 구조(스키마) 설계 및 변경 이력 관리 기준을 정의 | Q22: 완료 | R22: 수용 | S22: 수용 | T22: 46246
E23: DAR-004-02-02 | G23: 데이터 값의 정확성·완전성·일관성 확보를 위한 검증 기준 및 품질 관리 지표를 정의하여야 한다. | H23: RFP | I23: 제논 | J23: 데이터 값의 정확성·완전성·일관성 확보를 위한 검증 기준 및 품질 관리 지표를 정의 | Q23: 완료 | R23: 수용 | S23: 수용 | T23: 46246
E24: DAR-004-02-03 | G24: 메타데이터의 최신성 유지 방안 및 원천 데이터 변경 시 반영 체계를 포함하여야 한다. | H24: RFP | I24: 제논 | J24: 메타데이터의 최신성 유지 방안 및 원천 데이터 변경 시 반영 체계를 포함 | Q24: 완료 | R24: 수용 | S24: 수용 | T24: 46246
E25: DAR-004-03-01 | F25: [공통 기준] | G25: 관련 법령, 행정안전부 표준 및 내부 규정을 준수하여야 한다. | H25: RFP | I25: 제논 | J25: 관련 법령, 행정안전부 표준 및 내부 규정을 준수 | Q25: 완료 | R25: 수용 | S25: 수용 | T25: 46246
E26: DAR-004-03-02 | G26: 세부 기준 및 관리 수준은 사업자가 제안하며 기술협상을 통해 확정한다. | H26: RFP | I26: 제논 | J26: 세부 기준 및 관리 수준은 사업자가 제안하며 기술협상을 통해 협의·확정 | Q26: 완료 | R26: 수용 | S26: 수용 | T26: 46246
E27: DAR-004-03-03 | G27: 정의된 기준은 위원회의 검토 및 승인 절차를 거쳐 확정되어야 한다. | H27: RFP | I27: 제논 | J27: 정의된 기준은 위원회의 검토 및 승인 절차를 거쳐 확정 | Q27: 완료 | R27: 수용 | S27: 수용 | T27: 46246
A28: 데이터 요구사항 | B28: DAR-005 | C28: 차기 변제금 납입 및 소액 대출 연체 등 예측 모델 구축 시 input 데이터 처리 | D28: 차기 변제금 납입 및 소액 대출 연체 등 예측 모델 구축 시 input 데이터 처리 | E28: DAR-005-01-01 | F28: 해당 모델 구축 시 input 데이터 추출 등은 본 사업 사업자에서 대응 必. 단, 대상 및 조건 등은 주관부서와 사전 협의 필요 | G28: 해당 모델 구축 시 input 데이터 추출 등은 본 사업 사업자에서 대응 必. 단, 대상 및 조건 등은 주관부서와 사전 협의 필요 | H28: 기술협상서 | I28: PWC | J28: - 해당 모델 구축 시 input 데이터 추출 등은 본 사업 사업자에서 대응(단, DB접속 및 메타접속 권한 부여 필요) - 대상 및 조건 등은 주관부서와 협의하여 수행 (주관부서와 협의 기준은 위원회의 요구사항을 우선적으로 수용하는 것을 원칙으로 하며, 착수 후 분석/설계 기간 내에 기간계 API 연동 규격서 및 데이터 처리 방안 설계서를 제출하여 위원회의 최종 승인을 득해야 함) | Q28: 완료 | R28: 수용 | S28: 수용 | T28: 46246

Sheet 테스트
A1: 요구사항정의서-비기능
A2: 사업명 | D2: 신용회복위원회 통합 AI 플랫폼 구축 사업 | H2: 업무 구분 | K2: 테스트 요구사항 | P2: 작성자 | S2: 김현근
A3: 단계 | D3: 요구분석, 설계, 구현, 테스트, 전개 | H3: 작성일자 | K3: 2026.08.24 | P3: 버전 | S3: v.0.999
A5: 요구사항 분류 | B5: 요구사항 고유번호 | C5: 요구사항 명 | D5: 정의 | E5: 상세요구사항ID | F5: 상세요구사항명 | G5: 상세요구사항 설명 | H5: 요구사항 출처 | I5: 담당 수행사 | J5: 제약사항 및 처리(수행)방안 | K5: 위원회 검토 의견(26.8.12.) | L5: 산출정보(RFP 기준) | M5: 산출물(방법론 테일러링 결과서) | N5: 요구사항 상태 | O5: 중요도 | P5: 담당자 | Q5: 완료여부 | R5: 수행사 수용 여부 | S5: 위원회 수용 여부 | T5: 비고(변경처리내역 등)
A6: 테스트 요구사항 | B6: TER-001 | C6: 테스트 전략 및 계획 수립 | D6: 사업 목표 달성을 위한 테스트 전략·계획의 수립 및 관리 | E6: TER-001-01-01 | F6: [테스트 계획 수립] | G6: 사업자는 단위·통합·시스템·인수 테스트 등 단계별 테스트 전략을 수립하고, 테스트 계획서를 작성하여 위원회의 승인을 득하여야 한다. | H6: RFP | I6: 제논, 위고 | J6: 단위·통합·시스템·인수 테스트 전략·계획 수립 및 위원회 승인 획득 | L6: · 테스트 계획서 (단계별 범위•일정•절차 포함) · 테스트 시나리오 및 테스트 케이스 | Q6: 완료 | R6: 수용 | S6: 수용 | T6: 46246
E7: TER-001-01-02 | G7: 테스트 계획서에는 테스트 범위, 대상, 수행 방법, 일정, 환경 구성 방안을 포함하여야 한다. | H7: RFP | I7: 제논, 위고 | J7: 테스트 계획서에는 테스트 범위, 대상, 수행 방법, 일정, 환경 구성 방안을 포함 | L7: 테스트 시나리오 및 테스트 케이스 | Q7: 완료 | R7: 수용 | S7: 수용 | T7: 46246
A8: 테스트 요구사항 | B8: TER-002 | C8: 단위·통합·시스템 테스트 수행 | D8: 개발 단계별 테스트의 체계적 수행 및 결함 관리 | E8: TER-002-01-01 | F8: [단계별 테스트 수행] | G8: 사업자는 요구사항을 기반으로 테스트 케이스를 작성하고, 단위·통합·시스템 테스트를 수행하여야 한다. | H8: RFP | I8: 제논, 위고 | J8: 요구사항 기반 테스트케이스 작성 및 단위·통합·시스템 테스트 수행 | L8: · 단위•통합•시스템 테스트 결과서 · 결함 시정 조치 내역 | Q8: 완료 | R8: 수용 | S8: 수용 | T8: 46246
E9: TER-002-01-02 | G9: 통합 테스트는 시스템 간 인터페이스 정합성 및 데이터 흐름을 검증하고, 시스템 테스트는 기능·성능 요구사항 충족 여부를 위원회 참여 하에 검증하여야 한다. | H9: RFP | I9: 제논, 위고 | J9: 통합테스트로 I/F·데이터 흐름, 시스템테스트로 기능·성능 충족 여부를 위원회 참여로 검증 | Q9: 완료 | R9: 수용 | S9: 수용 | T9: 46246
E10: TER-002-01-03 | G10: 결함 발견 시 원인 분석 및 시정 조치를 완료할 때까지 반복 테스트를 수행하여야 한다. | H10: RFP | I10: 제논, 위고 | J10: 결함 발견 시 원인 분석 및 시정 조치를 완료할 때까지 반복 테스트를 수행 | Q10: 완료 | R10: 수용 | S10: 수용 | T10: 46246
E11: TER-002-01-04 | G11: 보안 취약점 정적 분석은 SER 기준을 따른다. | H11: RFP | I11: 제논, 위고 | J11: 보안 취약점 정적 분석은 SER 기준을 준수 | Q11: 완료 | R11: 수용 | S11: 수용 | T11: 46246
A12: 테스트 요구사항 | B12: TER-003 | C12: 생성형 AI 응답 품질 및 RAG 파이프라인 검증 | D12: RAG 기반 검색 정확도, 생성형 AI 응답 품질 및 RAG 파이프라인 전 단계에 대한 검증 | E12: TER-003-01-01 | F12: [AI 응답 품질 검증] | G12: 사업자는 RAG 파이프라인의 검색 정확도(재현율·정밀도)와 생성 응답품질(정확성·관련성·환각 발생률)을 검증하는 테스트를 수행하여야 한다. | H12: RFP | I12: 제논, 위고 | J12: RAG 파이프라인의 검색 정확도(재현율·정밀도)와 생성 응답품질(정확성·관련성·환각 발생률)을 검증하는 테스트를 수행 | L12: · AI 응답 품질 평가 결과서 · RAG 파이프라인 검증 결과서 | Q12: 완료 | R12: 수용 | S12: 수용 | T12: 46246
E13: TER-003-01-02 | G13: 정량적 합격 기준은 PER에 정의된 기준을 따르며, 구체적 테스트 시나리오 및 평가 데이터셋 규모는 기술협상 시 위원회와 협의하여 확정한다. | H13: RFP | I13: 제논, 위고 | J13: PER 정량기준 적용, 테스트 시나리오·평가셋 규모는 별도 협의·확정 | Q13: 완료 | R13: 수용 | S13: 수용 | T13: 46246
E14: TER-003-02-01 | F14: [RAG 파이프라인 검증] | G14: 사업자는 청크 데이터 품질 (표 깨짐, 텍스트 누락, 메타데이터 불일치 등)을 검증하여야 한다. | H14: RFP | I14: 제논, 위고 | J14: 청크 데이터 품질 (표 깨짐, 텍스트 누락, 메타데이터 불일치 등)을 검증 | Q14: 완료 | R14: 수용 | S14: 수용 | T14: 46246
E15: TER-003-02-02 | G15: SFR에서 정의한 검색 프리셋, 동의어 확장, 배치 전략 등 기능별 검색 품질 적합성을 검증하여야 한다. | H15: RFP | I15: 제논, 위고 | J15: SFR에서 정의한 검색 프리셋, 동의어 확장, 배치 전략 등 기능별 검색 품질 적합성을 검증 | Q15: 완료 | R15: 수용 | S15: 수용 | T15: 46246
E16: TER-003-02-03 | G16: 허용 오류율 기준 및 세부 검증 방법은 기술협상을 통해 확정한다. | H16: RFP | I16: 제논, 위고 | J16: 허용 오류율 기준 및 세부 검증 방법은 기술협상을 통해 협의·확정 | Q16: 완료 | R16: 수용 | S16: 수용 | T16: 46246
A17: 테스트 요구사항 | B17: TER-004 | C17: 인수 테스트 및 시범운영 | D17: 최종 인수 검증 및 서비스 개시 전 시범운영 수행 | E17: TER-004-01-01 | F17: [인수 테스트] | G17: 인수 테스트는 위원회가 주관하고 사업자가 지원하는 체계로 수행 하여야 한다. | H17: RFP | I17: 제논 | J17: 인수 테스트는 위원회가 주관하고 사업자가 지원하는 체계로 수행 | L17: · 인수 테스트 결과서 · 시범운영 결과 보고서 | Q17: 완료 | R17: 수용 | S17: 수용 | T17: 46246
E18: TER-004-01-02 | G18: 실 업무 담당자가 참여하는 사용자 수용 테스트(UAT)를 포함하며, 업무 시나리오 기반 테스트 결과를 제출하여야 한다. | H18: RFP | I18: 제논 | J18: 실 업무 담당자가 참여하는 사용자 수용 테스트(UAT)를 포함하며, 업무 시나리오 기반 테스트 결과를 제출 | Q18: 완료 | R18: 수용 | S18: 수용 | T18: 46246
E19: TER-004-01-03 | G19: 부적합 사항 발견 시 원인과 시정 조치 계획을 제출하고 재시험을 상세 통해 해결 여부를 확인하여야 한다. | H19: RFP | I19: 제논 | J19: 부적합 사항 발견 시 원인과 시정 조치 계획을 제출·재시험을 통해 해결 여부를 확인 | Q19: 완료 | R19: 수용 | S19: 수용 | T19: 46246
E20: TER-004-02-01 | F20: [시범운영] | G20: 시스템 개발 완료 후 최소 30일 이상의 시범운영을 수행하고, 그 결과를 보고하여야 한다. | H20: RFP | I20: 제논 | J20: 시스템 개발 완료 후 최소 30일 이상의 시범운영을 수행하고, 그 결과를 보고 | Q20: 완료 | R20: 수용 | S20: 수용 | T20: 46246
E21: TER-004-02-02 | G21: 시범운영 기간 중 성능 모니터링을 실시하고, 발견된 문제점을 보완하여야 한다. | H21: RFP | I21: 제논 | J21: 시범운영 기간 중 성능 모니터링을 실시하고, 발견된 문제점을 보완 | Q21: 완료 | R21: 수용 | S21: 수용 | T21: 46246
E22: TER-004-02-03 | G22: 시범운영 기간은 위원회와 협의하여 조정할 수 있다. | H22: RFP | I22: 제논 | J22: 시범운영 기간은 위원회 협의 후 조정 가능 | Q22: 완료 | R22: 수용 | S22: 수용 | T22: 46246
A23: 테스트 요구사항 | B23: TER-005 | C23: 예측 모델 초기 성능 검증 | D23: 예측 모델 초기 성능 검증 | E23: TER-005-01-01 | F23: [성능 지표 검증] | G23: 사업자는 모델 학습 완료 후 검증용 데이터를 활용하여 예측 정확도를 수치로 산출하고 위원회에 보고하여야 한다. | H23: RFP | I23: PwC | J23: 모델 학습 완료 후 검증용 데이터를 활용하여 예측 정확도를 수치로 산출하고 위원회에 보고 | L23: · 예측 모델 성능 검증 결과서 | Q23: 완료 | R23: 수용 | S23: 수용 | T23: 46246
E24: TER-005-01-02 | G24: 정확도 측정 방식 및 합격 기준은 기술협상 시 위원회와 협의하여 확정한다. 다만, 사업자는 제안서에 달성 목표값을 명시하여야 한다. | H24: RFP | I24: PwC | J24: 예측모델 정확도 산식·합격기준은 별도 협의·확정하고 제안 목표값 명시 | Q24: 완료 | R24: 수용 | S24: 수용 | T24: 46246
E25: TER-005-02-01 | F25: [현업 확인 검증] | G25: 사업자는 모델이 산출한 이행자별 위험등급 분류 결과를 실무 담당자가 직접 확인하고, 실제 업무에 활용 가능한 수준인지를 검토하는 현업 확인 절차를 수행하고 결과를 제출하여야 한다. | H25: RFP | I25: PwC | J25: 위험등급 결과를 현업이 직접 확인해 실무 활용 가능성을 검증하고 결과 제출 | Q25: 완료 | R25: 수용 | S25: 수용 | T25: 46246

Sheet 보안
A1: 요구사항정의서-비기능
A2: 사업명 | D2: 신용회복위원회 통합 AI 플랫폼 구축 사업 | H2: 업무 구분 | K2: 보안 요구사항 | P2: 작성자 | S2: 김현근
A3: 단계 | D3: 요구분석, 설계, 구현, 테스트, 전개 | H3: 작성일자 | K3: 2026.08.24 | P3: 버전 | S3: v.0.999
A5: 요구사항 분류 | B5: 요구사항 고유번호 | C5: 요구사항 명 | D5: 정의 | E5: 상세요구사항ID | F5: 상세요구사항명 | G5: 상세요구사항 설명 | H5: 요구사항 출처 | I5: 담당 수행사 | J5: 제약사항 및 처리(수행)방안 | K5: 위원회 검토 의견(26.8.12.) | L5: 산출정보(RFP 기준) | M5: 산출물(방법론 테일러링 결과서) | N5: 요구사항 상태 | O5: 중요도 | P5: 담당자 | Q5: 완료여부 | R5: 수행사 수용 여부 | S5: 위원회 수용 여부 | T5: 비고(변경처리내역 등)
A6: 보안 요구사항 | B6: SER-001 | C6: 문서 접근 권한 통제 | D6: RBAC 기반 문서·버전별 접근 권한 통제, 수집 데이터 보안등급 관리 및 외부 데이터 반입 무해화·검증 체계 | E6: SER-001-01-01 | F6: [역할 기반 접근 통제(RBAC)] | G6: 시스템은 사용자의 직급, 직책, 부서, 등급에 따라 문서별, 버전별(현행/과거 /예정) 접근 권한을 제어하여야 한다. 권한 설정은 개별 사용자 단위 또는 그룹(부서/직급) 단위로 가능하여야 한다. | H6: RFP | I6: 제논 | J6: 직급·직책·부서·등급별 문서·버전 접근권한을 사용자/그룹 단위로 제어 | L6: · 보안 아키텍처 정의서 | Q6: 완료 | R6: 수용 | S6: 수용 | T6: 46246
E7: SER-001-01-02 | G7: 관리자 권한 분리 원칙을 적용하여 플랫폼 관리자와 권한을 부여받은 사용 자의 접근 범위를 구분하여야 한다. | H7: RFP | I7: 제논 | J7: 플랫폼 관리자와 권한 부여 사용자 간 접근범위 분리 | Q7: 완료 | R7: 수용 | S7: 수용 | T7: 46246
E8: SER-001-01-03 | G8: AI Agent 단위별로 사용자부서그룹별 접근 시 차단 및 로그 기록을 적용하여야 한다. | H8: RFP | I8: 제논 | J8: Agent별 사용자·부서·그룹 접근통제 및 차단 로그 기록 | Q8: 완료 | R8: 수용 | S8: 수용 | T8: 46246
E9: SER-001-01-04 | G9: AI 서비스(RAG 검색·인용) 시점의 접근 권한 적용은 본 항목에서 정의한 RBAC 정책을 기반으로 하되, 런타임 적용 기능의 구현은 SFR-011에서 정의한다. | H9: RFP | I9: 제논 | J9: SER-001 RBAC 정책을 SFR-011 RAG 검색·인용 런타임 접근통제에 연계 | Q9: 완료 | R9: 수용 | S9: 수용 | T9: 46246
E10: SER-001-01-05 | G10: 관리자가 수행하는 문서별·그룹별 접근 권한의 등록·수정·삭제는 본 항목 상세 (SER-001)의 관리 범위에 해당한다. | H10: RFP | I10: 제논 | J10: 관리자가 수행하는 문서별·그룹별 접근 권한의 등록·수정·삭제는 본 항목 (SER-001)의 관리 범위에 해당 | Q10: 완료 | R10: 수용 | S10: 수용 | T10: 46246
E11: SER-001-02-01 | F11: [수집 데이터 보안등급별 접근 통제] | G11: 내부망·외부망 수집 데이터의 보안등급(공개/내부/비밀)에 따라 접근 권한 정책을 차등 적용하여야 한다. | H11: RFP | I11: 제논 | J11: 내부망·외부망 수집 데이터의 보안등급(공개/내부/비밀)에 따라 접근 권한 정책을 차등 적용 | Q11: 완료 | R11: 수용 | S11: 수용 | T11: 46246
E12: SER-001-02-02 | G12: 수집 소스별(내부 포털/연계 API/수기 반입) 기본 보안등급 및 관리자 변경 권한을 정의하여야 한다. | H12: RFP | I12: 제논 | J12: 수집 소스별(내부 포털/연계 API/수기 반입) 기본 보안등급 및 관리자 변경 권한을 정의 | Q12: 완료 | R12: 수용 | S12: 수용 | T12: 46246
E13: SER-001-03-01 | F13: [외부 데이터 반입 무해화 및 검증] | G13: 대외망에서 수집된 외부 데이터의 내부망 반입 시 포맷 검증, 악성코드 검사, 무해화 처리(매크로·스크립트 제거), 개인정보 포함 여부 탐지 및 프롬프트 인젝션 패턴 스캐닝을 필수 적용하여야 한다. | H13: RFP | I13: 제논 | J13: 외부데이터 반입 시 포맷·악성코드·무해화·개인정보·프롬프트 인젝션 검증 적용 | Q13: 완료 | R13: 수용 | S13: 수용 | T13: 46246
E14: SER-001-03-02 | G14: 반입 데이터는 100% 무해화·악성코드 검사를 수행하고 일방향 망연계를 적용하여야 한다. | H14: RFP | I14: 제논 | J14: 반입 데이터는 100% 무해화·악성코드 검사를 수행하고 일방향 망연계를 적용 | Q14: 완료 | R14: 수용 | S14: 수용 | T14: 46246
E15: SER-001-03-03 | G15: 반입 이력(반입자, 일시, 파일 해시값, 검증 결과)을 감사 로그에 기록하여야 한다. | H15: RFP | I15: 제논 | J15: 반입 이력(반입자, 일시, 파일 해시값, 검증 결과)을 감사 로그에 기록 | Q15: 완료 | R15: 수용 | S15: 수용 | T15: 46246
A16: 보안 요구사항 | B16: SER-002 | C16: RAG 보안 통제 정책 | D16: RAG 파이프라인 전 구간 PII 마스킹·ACL·인젝션 차단, 생성형 AI 특화 위협 대응 및 PII 재구성 방지 실시간 적용 | E16: SER-002-01-01 | F16: [개인정보 보호 및 실시간 마스킹] | G16: 시스템은 학습 데이터 및 질의응답 과정에서 개인식별정보(PII)를 식별하여 마스킹 처리하여야 한다. 사용자 질의 수신 즉시 PII 탐지 및 마스킹을 수행하며, 마스킹 전 원문은 저장·로그·캐시에 보관하지 않아야 한다. | H16: RFP | I16: 제논 | J16: 질의 수신 즉시 PII 탐지·마스킹하고 마스킹 전 원문은 저장·로그·캐시에서 제외 | L16: · 보안 아키텍처 정의서 | Q16: 완료 | R16: 수용 | S16: 수용 | T16: 46246
E17: SER-002-01-02 | G17: 오답변 디버깅 목적에 한하여 보안 볼트(접근통제 암호화 저장소, TTL 기반 자동 파기)에 보관할 수 있다. | H17: RFP | I17: 제논 | J17: 오답변 디버깅 목적에 한하여 보안 볼트(접근통제 암호화 저장소, TTL 기반 자동 파기)에 보관 가능 | Q17: 완료 | R17: 수용 | S17: 수용 | T17: 46246
E18: SER-002-01-03 | G18: PII 마스킹된 데이터 간 조합에 의한 재구성 위험 탐지 방안을 제안서에 제시하여야 한다. | H18: RFP | I18: 제논 | J18: PII 마스킹된 데이터 간 조합에 의한 재구성 위험 탐지 방안을 제안서에 제시 | Q18: 완료 | R18: 수용 | S18: 수용 | T18: 46246
E19: SER-002-01-04 | G19: STT 실시간 스트리밍 데이터에 대해 수신 즉시 PII 마스킹을 적용 하고, 통화 종료 시 텍스트·중간 결과·캐시를 자동 삭제하여 잔존 데이터 0건을 검증하여야 한다. | H19: RFP | I19: 제논 | J19: STT 수신 즉시 PII 마스킹, 통화 종료 시 텍스트·중간결과·캐시 자동삭제 및 잔존 0건 검증 | Q19: 완료 | R19: 수용 | S19: 수용 | T19: 46246
E20: SER-002-02-01 | F20: [접근 통제 정책 — 실시간 적용] | G20: 시스템은 사용자 권한에 따라 검색 가능한 문서 범위를 제한하는 접근 통제(ACL)를 RAG 검색 시점에 실시간 적용하여야 한다. 권한 없는 문서가 검색 결과나 답변에 포함되지 않도록 통제하여야 한다. | H20: RFP | I20: 제논 | J20: RAG 검색 시 ACL을 실시간 적용해 비인가 문서의 검색결과·답변 노출 차단 | Q20: 완료 | R20: 수용 | S20: 수용 | T20: 46246
E21: SER-002-03-01 | F21: [생성형 AI 특화 위협 대응] | G21: 시스템은 다음 보안 위협에 대한 탐지·차단 체계를 수립하여야 한다: (1) 프롬프트 인젝션/탈옥 공격 탐지 및 차단 (최소 1종 이상 방어 기제 구현) (2) 시스템 프롬프트 유출 방지 (출력 필터링) (3) 데이터 포이즈닝 방지 (벡터 DB 주입 공격 검수) (4) 모델 역추론 공격 방지 (파라미터·가중치 접근 통제) | H21: RFP | I21: 제논 | J21: 프롬프트 인젝션·탈옥·시스템 프롬프트 유출·데이터 포이즈닝 등 생성형 AI 위협 탐지·차단 | Q21: 완료 | R21: 수용 | S21: 수용 | T21: 46246
E22: SER-002-03-02 | G22: 사업자는 국정원 AI 보안 가이드북 및 OWASP LLM Top 10을 참조 하여 대응 방안을 제안서에 포함하여야 한다. | H22: RFP | I22: 제논 | J22: 국정원 AI 보안 가이드북·OWASP LLM Top 10 기반 대응방안 반영 | Q22: 완료 | R22: 수용 | S22: 수용 | T22: 46246
E23: SER-002-03-03 | G23: 입력 질의와 생성 답변이 보안적 기준을 위반하지 않는지 실시간 검사해야 하며, DLP 연계 등 기술적 방안은 사업자 제안에 따른다. | H23: RFP | I23: 제논 | J23: 입력·출력 보안정책 실시간 검사 및 DLP 연계 방안 설계·적용 | Q23: 완료 | R23: 수용 | S23: 수용 | T23: 46246
A24: 보안 요구사항 | B24: SER-003 | C24: 감사 로그 통합 관리 | D24: AI 판단·데이터·운영 변경 감사 로그 통합 기록·무결성 보장, 보안 볼트 접근 통제 및 추론 로그 보존기간 정합성 확보 | E24: SER-003-01-01 | F24: [로그 기록 및 관리] | G24: 본 항목은 AI 플랫폼 전체의 감사 로그에 대한 통합 저장·보존·접근통제·무결성 보장·감사 증적 출력 정책을 정의한다. | H24: RFP | I24: 제논 | J24: 플랫폼 전 영역 감사로그의 통합 저장·보존·접근통제·무결성·증적출력 정책 정의 | L24: · 보안 아키텍처 정의서 | Q24: 완료 | R24: 수용 | S24: 수용 | T24: 46246
E25: SER-003-01-02 | G25: 각 서비스 계층에서 생성된 로그(SFR-011의 추론 로그, SFR-012의 자원 운영 로그 등)는 본 항목의 통합 관리 체계로 수집·저장된다. | H25: RFP | I25: 제논 | J25: SFR 추론·자원운영 등 계층별 로그를 통합 수집·저장 | Q25: 완료 | R25: 수용 | S25: 수용 | T25: 46246
E26: SER-003-01-03 | G26: 로그 생성 책임은 해당 기능 요구사항(SFR)에, 로그의 보존·접근통제· 무결성·폐기 정책은 본 항목(SER-003)에 귀속된다. | H26: RFP | I26: 제논 | J26: 로그 생성은 SFR, 보존·접근·무결성·폐기는 SER-003 책임으로 분리 관리 | Q26: 완료 | R26: 수용 | S26: 수용 | T26: 46246
E27: SER-003-01-04 | G27: 시스템은 AI 서비스의 모든 질의·응답, 데이터 변경, 운영 환경 변경에 대한 감사 로그를 기록하여야 한다. 로그에는 수행자, 수행 일시, 대상, 변경 사유, 시스템 환경 정보(모델·프롬프트·데이터 버전)를 포함하여야 한다. | H27: RFP | I27: 제논 | J27: 질의·응답·데이터변경·운영환경변경 로그에 사용자·시간·Agent·모델·프롬프트·데이터 버전 기록 | Q27: 완료 | R27: 수용 | S27: 수용 | T27: 46246
E28: SER-003-01-05 | G28: 로그 데이터는 변경 불가 (Immutable) 형태로 저장하고, 위·변조 검증을 위한 해시값 또는 전자서명을 적용하여야 한다. | H28: RFP | I28: 제논 | J28: 로그 데이터는 변경 불가 (Immutable) 형태로 저장하고, 위·변조 검증을 위한 해시값 또는 전자서명을 적용 | Q28: 완료 | R28: 수용 | S28: 수용 | T28: 46246
E29: SER-003-01-06 | G29: 관리자가 감사 유형별·기간별·수행자별로 통합 조회할 수 있어야 한다. | H29: RFP | I29: 제논 | J29: 관리자가 감사 유형별·기간별·수행자별로 통합 조회 가능 | Q29: 완료 | R29: 수용 | S29: 수용 | T29: 46246
E30: SER-003-02-01 | F30: [감사 유형별 기록 대상] | G30: AI 판단 감사: SFR-011에서 기록한 부적절 질의 필터링, AI 답변 인용 출처, 추론 과정(검색 문서·컨텍스트·프롬프트·응답)의 로그를 수신하여 통합 관리한다. 기록 항목의 구체적 명세는 SFR-011을 따른다. | H30: RFP | I30: 제논 | J30: SFR-011 필터링·인용·추론 로그를 수신해 AI 판단 감사로그로 통합 관리 | Q30: 완료 | R30: 수용 | S30: 수용 | T30: 46246
E31: SER-003-02-02 | G31: 데이터 변경 감사: 청크·메타데이터·용어 사전의 등록·수정·삭제 시 변경 전후 값 및 승인 이력을 기록하여야 한다. | H31: RFP | I31: 제논 | J31: 데이터 변경 감사: 청크·메타데이터·용어 사전의 등록·수정·삭제 시 변경 전후 값 및 승인 이력을 기록 | Q31: 완료 | R31: 수용 | S31: 수용 | T31: 46246
E32: SER-003-02-03 | G32: 운영 변경 감사: 모델 배포, 프롬프트·가드레일·RAG 설정 변경, 롤백 수행 이력 및 승인 이력을 기록하여야 한다. | H32: RFP | I32: 제논 | J32: 운영 변경 감사: 모델 배포, 프롬프트·가드레일·RAG 설정 변경, 롤백 수행 이력 및 승인 이력을 기록 | Q32: 완료 | R32: 수용 | S32: 수용 | T32: 46246
E33: SER-003-02-04 | G33: 보안 이벤트: PII 마스킹·ACL 위반·인젝션 시도·인증 이벤트·자원 격 리 위반 등을 기록하여야 한다. | H33: RFP | I33: 제논 | J33: 보안 이벤트: PII 마스킹·ACL 위반·인젝션 시도·인증 이벤트·자원 격 리 위반 등을 기록 | Q33: 완료 | R33: 수용 | S33: 수용 | T33: 46246
E34: SER-003-03-01 | F34: [소명 자료 및 감사 증적] | G34: 민원·감사·법적 분쟁 시 특정 답변에 대한 소명 자료(질의·답변 원문, 인용 출처, 모델·프롬프트 버전, 추론 과정)를 출력할 수 있어야 한다. | H34: RFP | I34: 제논 | J34: 질의·답변·출처·모델/프롬프트 버전·추론과정 소명자료 출력 | Q34: 완료 | R34: 수용 | S34: 수용 | T34: 46246
E35: SER-003-03-02 | G35: 특정 기간·대상의 변경 이력을 일괄 출력하는 감사 증적 패키지 기능을 제공하여야 한다. | H35: RFP | I35: 제논 | J35: 특정 기간·대상의 변경 이력을 일괄 출력하는 감사 증적 패키지 기능 제공 | Q35: 완료 | R35: 수용 | S35: 수용 | T35: 46246
E36: SER-003-03-03 | G36: 증적 패키지에 마스킹 전 원문이 포함되는 경우 보안 볼트 연계· 관리자 승인·출력물 암호화·열람 후 파기 절차를 적용하여야 한다. | H36: RFP | I36: 제논 | J36: 증적 패키지에 마스킹 전 원문이 포함되는 경우 보안 볼트 연계·관리자 승인·출력물 암호화·열람 후 파기 절차를 적용 | Q36: 완료 | R36: 수용 | S36: 수용 | T36: 46246
E37: SER-003-04-01 | F37: [보관·접근통제 및 변경관리] | G37: 감사 로그 보관 기간은 AI 판단 감사(추론 로그) 최소 5년(기술협상 시 협의), 데이터·운영 변경 감사 3년을 기본으로 하며, 관리자가 유형별 차등 설정할 수 있어야 한다. | H37: RFP | I37: 제논 | J37: AI 판단 로그 5년·데이터/운영 변경로그 3년 기본 보관, 유형별 기간 설정 | Q37: 완료 | R37: 수용 | S37: 수용 | T37: 46246
E38: SER-003-04-02 | G38: 보관 기간 경과 후 자동 아카이빙 또는 삭제 정책을 적용하고, 폐기 이력을 기록하여야 한다. | H38: RFP | I38: 제논 | J38: 보관 기간 경과 후 자동 아카이빙 또는 삭제 정책을 적용하고, 폐기 이력을 기록 | Q38: 완료 | R38: 수용 | S38: 수용 | T38: 46246
E39: SER-003-04-03 | G39: 감사 로그 접근 권한을 RBAC로 통제하고, 열람 이력을 기록하여야 한다. | H39: RFP | I39: 제논 | J39: 감사 로그 접근 권한을 RBAC로 통제하고, 열람 이력을 기록 | Q39: 완료 | R39: 수용 | S39: 수용 | T39: 46246
E40: SER-003-04-04 | G40: 보안 볼트(마스킹 전 원문 보관소)는 지정 보안 관리자만 열람 가능 하며, 암호화 저장·TTL 자동 파기·열람 이력 기록을 적용하여야 한다. | H40: RFP | I40: 제논 | J40: 보안 볼트(마스킹 전 원문 보관소)는 지정 보안 관리자만 열람 가능하며, 암호화 저장·TTL 자동 파기·열람 이력 기록을 적용 | Q40: 완료 | R40: 수용 | S40: 수용 | T40: 46246
E41: SER-003-04-05 | G41: 운영 정책(프롬프트·용어사전·가드레일·RAG 설정 등) 변경은 작성·검 토·승인의 역할 분리를 적용하고, 변경 전후 비교 및 롤백 기능을 지원하여야 한다. | H41: RFP | I41: 제논 | J41: 프롬프트·용어사전·가드레일·RAG 정책 변경에 작성·검토·승인 분리, 전후 비교·롤백 적용 | Q41: 완료 | R41: 수용 | S41: 수용 | T41: 46246
E42: SER-003-04-06 | G42: SFR-011에서 구현한 3계층 로그 저장 구조(영구 로그/보안 볼트/세션 휘발)의 보존 기간, 접근 권한, 삭제 절차는 본 항목의 기준을 따른다. | H42: RFP | I42: 제논 | J42: SFR-011 3계층 로그의 보존기간·접근권한·삭제절차를 SER-003 기준으로 관리 | Q42: 완료 | R42: 수용 | S42: 수용 | T42: 46246
A43: 보안 요구사항 | B43: SER-004 | C43: 사용자 데이터 보관·보호 및 활용 범위 통제 | D43: 사용자 데이터 보관·삭제·PII 마스킹·외부 반출 통제 및 내부 업무 데이터 활용 범위 제한·파인튜닝 금지 보안 체계 | E43: SER-004-01-01 | F43: [보관 기간 및 삭제 정책] | G43: 사용자 데이터(피드백, 대화 이력) 유형별 보관 기간을 관리자가 설정 할 수 있어야 한다. 피드백 기본 1년, 대화 이력 기본 90일로 한다. | H43: RFP | I43: 제논 | J43: 피드백 1년·대화이력 90일 기본 보관, 유형별 기간 관리자 설정 | L43: · 보안 아키텍처 정의서 | Q43: 완료 | R43: 수용 | S43: 수용 | T43: 46246
E44: SER-004-01-02 | G44: 보관 기간 경과 후 자동 삭제 또는 익명화 후 아카이빙을 선택 적용할 수 있어야 한다. | H44: RFP | I44: 제논 | J44: 보관 기간 경과 후 자동 삭제 또는 익명화 후 아카이빙을 선택 적용 가능 | Q44: 완료 | R44: 수용 | S44: 수용 | T44: 46246
E45: SER-004-01-03 | G45: 사용자 또는 관리자의 삭제 요청 시 즉시 삭제 또는 유예 삭제(기본 30일) 정책을 적용하고, 처리 이력을 기록하여야 한다. | H45: RFP | I45: 제논 | J45: 사용자 또는 관리자의 삭제 요청 시 즉시 삭제 또는 유예 삭제(기본 30일) 정책을 적용하고, 처리 이력을 기록 | Q45: 완료 | R45: 수용 | S45: 수용 | T45: 46246
E46: SER-004-01-04 | G46: AI 추론 과정 로그(질의·응답·검색 문서·프롬프트 등)의 보존 기간은 SER-003의 감사 로그 보관 기준(AI 판단 감사 최소 5년)을 따르며, 본 항목의 대화 이력 보관 기간(기본 90일)과는 별도로 관리한다. | H46: RFP | I46: 제논 | J46: 추론 로그는 5년 감사기준, 대화이력은 90일 기본기준으로 분리 보관 | Q46: 완료 | R46: 수용 | S46: 수용 | T46: 46246
E47: SER-004-01-05 | G47: SFR-011에서 구현한 보안 볼트(마스킹 전 원문 암호화 저장소)의 세부내용 TTL 기반 보관 기간은 본 항목의 삭제 정책과 정합성을 유지하여야 하며, 구체적 기간은 기술협상 시 확정한다. | H47: RFP | I47: 제논 | J47: 보안 볼트 TTL과 삭제정책을 정합화하고 세부 보관기간은 별도 협의·확정 | Q47: 완료 | R47: 수용 | S47: 수용 | T47: 46246
E48: SER-004-02-01 | F48: [외부 반출 통제 및 접근 권한] | G48: 사용자 데이터 외부 반출 시 관리자 승인을 필수로 적용하고, 반출 데이터의 마스킹/가명 상태를 유지하여야 한다. 반출 이력(반출자, 승인자, 범위, 파일 해시값)을 기록하여야 한다. | H48: RFP | I48: 제논 | J48: 외부반출 관리자 승인·마스킹 유지·반출자/승인자/범위/해시 이력 기록 | Q48: 완료 | R48: 수용 | S48: 수용 | T48: 46246
E49: SER-004-02-02 | G49: 사용자는 자신의 대화 이력만 열람·삭제할 수 있으며, 관리자의 개별 대화 열람은 감사 목적에 한하여 허용하여야 한다. | H49: RFP | I49: 제논 | J49: 사용자 본인 대화이력 열람·삭제, 관리자 열람은 감사목적으로 제한 | Q49: 완료 | R49: 수용 | S49: 수용 | T49: 46246
E50: SER-004-02-03 | G50: 개인정보 마스킹 처리는 정책 기준은 SER-002 및 SER-009를 따르고, AI 서비스 계층에서의 실시간 마스킹 적용은 SFR-011의 PII 마스킹 기능을 통해 수행한다. | H50: RFP | I50: 제논 | J50: 마스킹 정책은 SER-002·009, 실시간 적용은 SFR-011 기능으로 분리 구현 | Q50: 완료 | R50: 수용 | S50: 수용 | T50: 46246
A51: 보안 요구사항 | B51: SER-005 | C51: 환경 격리 및 인프라 자원 보안 통제 | D51: 샌드박스·코드 실행 환경 격리, 세션 데이터 자동 삭제, 인프라 자원(GPU) 워크로드 간 격리 보안 통제 | E51: SER-005-01-01 | F51: [코드 실행 환경 격리 및 보안] | G51: 샌드박스 환경은 운영 환경과 논리적·물리적으로 격리하고, 운영 데 이터 및 서비스에 영향을 미치지 않아야 한다. | H51: RFP | I51: 제논 | J51: 샌드박스 환경은 운영 환경과 논리적·물리적으로 격리하고, 운영 데이터 및 서비스에 영향을 미치지 않아야 | L51: · 보안 아키텍처 정의서 | Q51: 완료 | R51: 수용 | S51: 수용 | T51: 46246
E52: SER-005-02-01 | G52: LLM 생성 코드 실행 환경에 다음 보안 통제를 적용하여야 한다: (1) 네트워크 egress 원천 차단 (2) 파일시스템 접근 제한 (분석 대상 파일만 허용) (3) CPU·메모리·실행 시간 상한 및 초과 시 강제 종료 (4) 위험 함수(os, subprocess 등) 실행 차단 (5) 허용 라이브러리 화이트리스트 통제 (6) 출력 무해화 처리 | H52: RFP | I52: 제논 | J52: [Before] 코드 실행 샌드박스에 egress 차단·파일 접근 제한·자원/시간 상한·위험함수 차단·출력 무해화 적용 [After] 코드 실행 샌드박스에 egress 차단·파일 접근 제한·자원/시간 상한·위험함수 차단·출력 무해화 적용 샌드박스는 기본 차단(Deny by Default) 방식으로 허용 라이브러리 화이트리스트를 적용 관리자 설정에서 패키지명·버전·해시·허용 사유를 등록·변경하고 승인·감사 이력을 관리하며, 승인된 오프라인 패키지 저장소에서만 설치되도록 통제 | K52: '허용 라이브러리 화이트리스트 통제' 누락 화이트리스트 방식 적용 여부와 허용 라이브러리 목록의 등록·변경 관리 방안이 수행방안에 언급되지 않음 | Q52: 완료 | R52: 수용 | S52: 수용 | T52: 46255
E53: SER-005-02-02 | G53: 코드 실행 환경은 세션 단위로 생성·폐기하며, 세션 종료 시 업로드 파일·코드·실행 결과·캐시를 자동 삭제하고, 삭제 완료를 검증하여야 한다. | H53: RFP | I53: 제논 | J53: 세션 종료 시 파일·코드·실행결과·캐시 자동삭제 및 삭제완료 검증 | Q53: 완료 | R53: 수용 | S53: 수용 | T53: 46246
E54: SER-005-03-01 | F54: [인프라 자원 격리 보안] | G54: LLM 추론 서비스와 모델 학습 워크로드 간 물리적 또는 논리적 격리를 적용하여 자원 간섭을 방지하여야 한다. | H54: RFP | I54: 제논 | J54: LLM 추론 서비스와 모델 학습 워크로드 간 물리적 또는 논리적 격리를 적용하여 자원 간섭을 방지 | Q54: 완료 | R54: 수용 | S54: 수용 | T54: 46246
E55: SER-005-03-02 | G55: 코드 실행 샌드박스, 정책 실험, 모델 테스트 환경의 GPU 자원은 운영 환경과 격리된 풀에서 할당하여야 한다. | H55: RFP | I55: 제논 | J55: 코드 실행 샌드박스, 정책 실험, 모델 테스트 환경의 GPU 자원은 운영 환경과 격리된 풀에서 할당 | Q55: 완료 | R55: 수용 | S55: 수용 | T55: 46246
A56: 보안 요구사항 | B56: SER-006 | C56: SSO 인증·암호화 및 폐쇄망 운영 보안 | D56: SSO·2FA·세션 보안, DB·전송구간 암호화, 폐쇄망 운영 원칙 및 외부 패키지 반입 보안 검증 통합 체계 | E56: SER-006-01-01 | F56: [인증 보안] | G56: GS인증 또는 CC인증 등 공인 보안 인증을 획득한 SSO Agent를 도입 하여 위원회 기존 인증 체계와 연계하여야 한다. | H56: RFP | I56: 제논 | J56: GS인증 또는 CC인증 등 공인 보안 인증을 획득한 SSO Agent를 도입 하여 위원회 기존 인증 체계와 연계 | L56: · 보안 아키텍처 정의서 | Q56: 완료 | R56: 수용 | S56: 수용 | T56: 46246
E57: SER-006-01-02 | G57: 로그인 실패 횟수 제한(기본 5 회) 및 계정 잠금, 세션 타임아웃 (기본 30분) 및 동시 로그인 제한을 적용하여야 한다. | H57: RFP | I57: 제논 | J57: 로그인 실패 횟수 제한(기본 5 회) 및 계정 잠금, 세션 타임아웃 (기본 30분) 및 동시 로그인 제한을 적용 | Q57: 완료 | R57: 수용 | S57: 수용 | T57: 46246
E58: SER-006-01-03 | G58: 관리자 권한 행사(모델 등록, 가드레일 변경 등) 시 2차 인증(2FA)을 필수 적용하여야 한다. | H58: RFP | I58: 제논 | J58: 관리자 권한 행사(모델 등록, 가드레일 변경 등) 시 2차 인증(2FA)을 필수 적용 | Q58: 완료 | R58: 수용 | S58: 수용 | T58: 46246
E59: SER-006-01-04 | G59: 상기 기준치는 위원회 기존 정보보안 정책과 정합성을 확인하여 확정한다. | H59: RFP | I59: 제논 | J59: 상기 기준치는 위원회 기존 정보보안 정책과 정합성을 확인하여 협의·확정 | Q59: 완료 | R59: 수용 | S59: 수용 | T59: 46246
E60: SER-006-02-01 | F60: [암호화 및 폐쇄망 운영] | G60: 개인정보 및 민감 데이터 DB에 AES-256 이상 암호화를 적용하고, 암호화 키는 별도 KMS를 통해 관리하여야 한다. 비밀번호는 솔트 적용 일방향 해시(SHA-256 이상)로 저장하여야 한다. | H60: RFP | I60: 제논 | J60: 민감정보 AES-256 암호화·KMS 키관리, 비밀번호 솔트 해시 저장 | Q60: 완료 | R60: 수용 | S60: 수용 | T60: 46246
E61: SER-006-02-02 | G61: 모든 데이터 전송 구간에 TLS 1.2 이상을 적용하고, 내부 서비스 간 통신에도 암호화를 적용하여야 한다. | H61: RFP | I61: 제논 | J61: 모든 데이터 전송 구간에 TLS 1.2 이상을 적용하고, 내부 서비스 간 통신에도 암호화를 적용 | Q61: 완료 | R61: 수용 | S61: 수용 | T61: 46246
E62: SER-006-02-03 | G62: AI 플랫폼의 모든 컴포넌트는 외부 인터넷이 완전 차단된 폐쇄망 환경에서 100% 독립 작동하여야 한다. 외부 클라우드 모델 API 호출을 금지하며, 모든 모델은 오프라인 패키지 방식으로 반입하여야 한다. | H62: RFP | I62: 제논 | J62: 외부 인터넷·클라우드 API를 차단하고 모델·패키지는 오프라인 반입·독립 운영 | Q62: 완료 | R62: 수용 | S62: 수용 | T62: 46246
E63: SER-006-02-04 | G63: 외부 패키지 반입 시 보안 검증은 SER 기준을 따른다. | H63: RFP | I63: 제논 | J63: 외부 패키지 반입 시 보안 검증은 SER 기준을 준수 | Q63: 완료 | R63: 수용 | S63: 수용 | T63: 46246
E64: SER-006-02-05 | G64: AI 서비스 계층에서 운영하는 보안 볼트(SFR-011) 등 암호화 저장소는 본 항목의 암호화 기준(AES-256 이상)을 적용하고, 암호화 키는 본 항목에서 정의한 KMS를 통해 관리하여야 한다. | H64: RFP | I64: 제논 | J64: 보안 볼트 등 암호화 저장소에 AES-256·KMS 키관리 기준 적용 | Q64: 완료 | R64: 수용 | S64: 수용 | T64: 46246
E65: SER-006-03-01 | F65: [백업·복구 및 서비스 연속성] | G65: 벡터DB·설정 저장소·감사 로그 등 핵심 데이터에 대해 정기 백업을 수행하고, 백업 데이터는 암호화 저장·접근통제·무결성 검증을 적용 하여야 한다. | H65: RFP | I65: 제논 | J65: 핵심 데이터 정기 백업 및 암호화·접근통제·무결성 검증 | Q65: 완료 | R65: 수용 | S65: 수용 | T65: 46246
E66: SER-006-03-02 | G66: 주기적 복구 테스트를 수행하고 결과를 증적으로 보관하여야 한다. | H66: RFP | I66: 제논 | J66: 주기적 복구 테스트를 수행하고 결과를 증적으로 보관 | Q66: 완료 | R66: 수용 | S66: 수용 | T66: 46246
E67: SER-006-03-03 | G67: 핵심 서비스의 RTO/RPO는 위원회 정책에 따라 정의하며, 장애 시 핵심 서비스 우선 복구 정책을 수립하여야 한다. | H67: RFP | I67: 제논 | J67: 핵심 서비스의 RTO/RPO는 위원회 정책에 따라 정의하며, 장애 시 핵심 서비스 우선 복구 정책을 수립 | Q67: 완료 | R67: 수용 | S67: 수용 | T67: 46246
E68: SER-006-03-04 | G68: SFR-011의 추론 로그 3계층 저장 구조 중 영구 로그 및 보안 볼트는 본 항목의 백업 대상에 포함하며, 백업 데이터의 암호화·접근통제· 무결성 검증 기준을 적용한다. | H68: RFP | I68: 제논 | J68: SFR-011 영구로그·보안볼트를 백업대상에 포함하고 암호화·접근통제·무결성 검증 적용 | Q68: 완료 | R68: 수용 | S68: 수용 | T68: 46246
A69: 보안 요구사항 | B69: SER-007 | C69: 에이전트·AI 생성물 보안 통제 및 배포 거버넌스 | D69: 에이전트 데이터 접근·민감정보 검증·승인 배포·회수 거버넌스 및 AI 생성물 식별 태깅·워터마킹 보안 체계 | E69: SER-007-01-01 | F69: [에이전트 데이터 접근 및 배포 통제] | G69: 본 항목은 에이전트의 데이터 접근 정책, 배포 승인 절차, 회수 거버 넌스 등 운영·관리 계층의 보안 통제를 정의한다. 에이전트 런타임 에서의 입·출력 보안 통제(프롬프트 인젝션 탐지·차단, 금칙어 필터링, PII 마스킹 등)는 SFR-011에서 정의한다. | H69: RFP | I69: 제논 | J69: Agent 데이터 접근·배포 승인·회수 거버넌스와 SFR-011 입출력 보안 통제 연계 | L69: · 보안 아키텍처 정의서 | Q69: 완료 | R69: 수용 | S69: 수용 | T69: 46246
E70: SER-007-01-02 | G70: 에이전트 생성 시 연결 가능한 데이터 소스를 사용자 권한에 따라 제한하여야 한다. 민감 등급 데이터는 관리자 승인 없이 학습 데이터로 사용할 수 없도록 통제하여야 한다. | H70: RFP | I70: 제논 | J70: 사용자 권한별 Agent 데이터소스 제한, 민감등급 학습데이터는 관리자 승인 적용 | Q70: 완료 | R70: 수용 | S70: 수용 | T70: 46246
E71: SER-007-01-03 | G71: 배포 요청 시 학습 데이터 내 민감정보 포함 여부를 검증하고, 탐지 시 관리자 검토 대상으로 분류하여야 한다. | H71: RFP | I71: 제논 | J71: 배포 요청 시 학습 데이터 내 민감정보 포함 여부를 검증하고, 탐지 시 관리자 검토 대상으로 분류 | Q71: 완료 | R71: 수용 | S71: 수용 | T71: 46246
E72: SER-007-01-04 | G72: 개인이 제작한 에이전트의 전사 배포 시 관리부서 승인(데이터 보안성·답변 품질·업무 적정성 확인)을 거쳐야 하며, 승인된 에이전트만 전사 공유 목록에 등록하여야 한다. | H72: RFP | I72: 제논 | J72: 개인 Agent 전사배포 전 데이터 보안·답변 품질·업무 적정성 관리자 승인 | Q72: 완료 | R72: 수용 | S72: 수용 | T72: 46246
E73: SER-007-01-05 | G73: 보안·품질 문제 발견 시 즉시 비활성화하고, 사용자 알림 및 회수 사유를 로그로 기록하여야 한다. | H73: RFP | I73: 제논 | J73: 보안·품질 문제 발견 시 즉시 비활성화하고, 사용자 알림 및 회수 사유를 로그로 기록 | Q73: 완료 | R73: 수용 | S73: 수용 | T73: 46246
E74: SER-007-01-06 | G74: 배포 전 학습 데이터 민감정보 검증 시, SFR-011의 PII 탐지 기능을 활용할 수 있으며, 탐지 결과에 대한 관리자 검토·승인 절차는 본 항목을 따른다. | H74: RFP | I74: 제논 | J74: SFR-011 PII 탐지결과를 활용해 배포 전 학습데이터 민감정보 검토·승인 | Q74: 완료 | R74: 수용 | S74: 수용 | T74: 46246
E75: SER-007-02-01 | F75: [AI 생성물 식별 및 워터마킹] | G75: AI가 생성한 모든 산출물(HWPX, PDF, CSV 등)에 AI 생성물임을 식별할 수 있는 메타데이터 태깅을 적용하여야 한다. 태깅 방식은 사업자 제안에 따른다. | H75: RFP | I75: 제논 | J75: HWPX·PDF·CSV 등 AI 생성 산출물에 식별 메타데이터 태깅 적용 | Q75: 완료 | R75: 수용 | S75: 수용 | T75: 46246
E76: SER-007-02-02 | G76: AI 산출물 100% 태깅을 적용하고, 태깅 여부 검증 기능을 제공하여야 한다. | H76: RFP | I76: 제논 | J76: AI 산출물 100% 태깅을 적용하고, 태깅 여부 검증 기능 제공 | Q76: 완료 | R76: 수용 | S76: 수용 | T76: 46246
E77: SER-007-02-03 | G77: 내부 업무 목적 산출물에 "내부 전용" 표기를 포함하고, 다운로드· 반출 시 권한별 승인 통제 및 반출 이력을 기록하여야 한다. | H77: RFP | I77: 제논 | J77: 내부 업무 목적 산출물에 "내부 전용" 표기를 포함하고, 다운로드·반출 시 권한별 승인 통제 및 반출 이력을 기록 | Q77: 완료 | R77: 수용 | S77: 수용 | T77: 46246
A78: 보안 요구사항 | B78: SER-008 | C78: 언어모델 보안 관리 | D78: 언어모델 파일 무결성 검증·접근 권한·출처 관리 및 오프라인 패키지 반입 보안 검증 체계 | E78: SER-008-01-01 | F78: [모델 파일 무결성 및 접근 관리] | G78: 모델 파일 등록 시 해시값(SHA-256 이상) 검증을 수행하고, 해시값을 메타데이터로 보관하여야 한다. | H78: RFP | I78: 제논 | J78: 모델 파일 등록 시 해시값(SHA-256 이상) 검증을 수행하고, 해시값을 메타데이터로 보관 | L78: · 보안 아키텍처 정의서 | Q78: 완료 | R78: 수용 | S78: 수용 | T78: 46246
E79: SER-008-01-02 | G79: 모델 등록·수정·삭제 권한은 지정된 관리자에게만 부여하고, 2단계 승인 워크플로를 지원하여야 한다. | H79: RFP | I79: 제논 | J79: 모델 등록·수정·삭제 권한은 지정된 관리자에게만 부여하고, 2단계 승인 워크플로를 지원 | Q79: 완료 | R79: 수용 | S79: 수용 | T79: 46246
E80: SER-008-01-03 | G80: 모델별 서비스 접근 권한을 사용자 그룹 단위로 설정할 수 있어야 한다. | H80: RFP | I80: 제논 | J80: 모델별 서비스 접근 권한을 사용자 그룹 단위로 설정 가능 | Q80: 완료 | R80: 수용 | S80: 수용 | T80: 46246
E81: SER-008-01-04 | G81: 외부 커뮤니티(HuggingFace 등)에서 다운로드한 모델의 출처 및 라이선스 정보를 기록·관리하여야 한다. | H81: RFP | I81: 제논 | J81: 외부 커뮤니티(HuggingFace 등)에서 다운로드한 모델의 출처 및 라이선스 정보를 기록·관리 | Q81: 완료 | R81: 수용 | S81: 수용 | T81: 46246
E82: SER-008-02-01 | F82: [오프라인 패키지 반입 보안] | G82: 외부에서 반입하는 모든 모델 패키지(오픈소스 LLM, 임베딩 모델 등)에 대해 악성코드 검사, 무결성 해시 확인(SHA-256 이상), 라이선스 검토를 수행하여야 한다. | H82: RFP | I82: 제논 | J82: 외부 모델 패키지 반입 시 악성코드·SHA-256 무결성·라이선스 검증 | Q82: 완료 | R82: 수용 | S82: 수용 | T82: 46246
E83: SER-008-02-02 | G83: 반입 승인 절차(신청→보안검증→승인→반입)를 거쳐야 하며, 반입 이력을 감사 로그에 기록하여야 한다. | H83: RFP | I83: 제논 | J83: 반입 승인 절차(신청→보안검증→승인→반입)를 거쳐야 하며, 반입 이력을 감사 로그에 기록 | Q83: 완료 | R83: 수용 | S83: 수용 | T83: 46246
A84: 보안 요구사항 | B84: SER-009 | C84: 학습데이터 개인정보 비식별화 통제 | D84: 학습 데이터·실시간 입력 개인정보 비식별화, ML 예측모델 가명처리 통제 | E84: SER-009-01-01 | F84: [학습 데이터 비식별화 및 검수] | G84: 민원사례 학습 데이터 업로드 시 문서 내 개인정보를 자동 탐지하는 PII 탐지 기능을 제공하여야 한다. | H84: RFP | I84: 제논 | J84: 민원사례 학습 데이터 업로드 시 문서 내 개인정보를 자동 탐지하는 PII 탐지 기능 제공 | L84: · 보안 아키텍처 정의서 | Q84: 완료 | R84: 수용 | S84: 수용 | T84: 46246
E85: SER-009-01-02 | G85: 탐지된 개인정보에 대해 비식별화 처리(마스킹 또는 치환)를 수행하고, 결과를 관리자에게 검수용으로 제시하여야 한다. | H85: RFP | I85: 제논 | J85: 탐지된 개인정보에 대해 비식별화 처리(마스킹 또는 치환)를 수행하고, 결과를 관리자에게 검수용으로 제시 | Q85: 완료 | R85: 수용 | S85: 수용 | T85: 46246
E86: SER-009-01-03 | G86: 비식별화 검수가 완료되지 않은 문서의 지식베이스 적재를 차단하여야 한다. | H86: RFP | I86: 제논 | J86: 비식별화 검수가 완료되지 않은 문서의 지식베이스 적재를 차단 | Q86: 완료 | R86: 수용 | S86: 수용 | T86: 46246
E87: SER-009-01-04 | G87: 실시간 입력 비식별화(AI 추론 전 단계 PII 마스킹)의 기능 구현은 SFR-011을 따르며, 마스킹 대상 정보 유형의 정의·분류 기준 및 비식별화 규칙은 본 항목(SER-009)에서 정의한다. | H87: RFP | I87: 제논 | J87: 실시간 PII 마스킹은 SFR-011, 정보유형·규칙 정의는 SER-009로 분리 관리 | Q87: 완료 | R87: 수용 | S87: 수용 | T87: 46246
E88: SER-009-01-05 | G88: 관리자가 비식별화 대상 유형 및 마스킹 규칙을 웹 UI 환경에서 추가·수정할 수 있어야 한다. SFR-011의 PII 마스킹 기능은 본 항목에서 정의한 규칙을 실시간으로 참조하여 적용한다. | H88: RFP | I88: 제논 | J88: 관리자가 비식별화 대상 유형 및 마스킹 규칙을 웹 UI 환경에서 추가·수정 가능 | Q88: 완료 | R88: 수용 | S88: 수용 | T88: 46246
E89: SER-009-02-01 | F89: [ML 예측모델 학습 데이터 가명처리 통제] | G89: ML 예측모델 학습에 사용되는 이행자 데이터는 가명처리 절차를 거쳐 제공받은 데이터만 사용하여야 한다. | H89: RFP | I89: pwc | J89: ML 예측모델 학습에 사용되는 이행자 데이터는 가명처리 절차를 거쳐 제공받은 데이터만 사용 | Q89: 완료 | R89: 수용 | S89: 수용 | T89: 46246
E90: SER-009-02-02 | G90: 가명처리 데이터의 재식별 시도를 금지하고, 재식별 가능성을 주기적으로 점검하여야 한다. | H90: RFP | I90: 제논 | J90: 가명처리 데이터의 재식별 시도를 금지하고, 재식별 가능성을 주기적으로 점검 | Q90: 완료 | R90: 수용 | S90: 수용 | T90: 46246
E91: SER-009-02-03 | G91: 예측 결과(납입 확률, 위험등급)에 대한 접근 권한을 역할 기반으로 통제하고, 결과 다운로드 시 승인 절차 및 로그 기록을 적용하여야 한다. | H91: RFP | I91: 제논 | J91: 예측결과 RBAC 접근통제, 다운로드 승인·로그 기록 | Q91: 완료 | R91: 수용 | S91: 수용 | T91: 46246
E92: SER-009-02-04 | G92: 가명처리 데이터 100% 사용, 재식별 시도 금지를 적용하여야 한다. | H92: RFP | I92: pwc | J92: 가명처리 데이터 100% 사용, 재식별 시도 금지를 적용 | Q92: 완료 | R92: 수용 | S92: 수용 | T92: 46246
A93: 보안 요구사항 | B93: SER-010 | C93: 소프트웨어 개발보안 및 취약점 점검 | D93: 시큐어코딩·웹 취약점 점검·보안약점 진단도구 의무 사용 및 보안성 검토 | E93: SER-010-01-01 | F93: [시큐어코딩 및 보안약점 진단] | G93: 사업자는 행정안전부 「소프트웨어 개발보안 가이드」에 따라 시큐어 코딩을 적용하여 개발하여야 한다. | H93: RFP | I93: 제논 | J93: 행정안전부 「소프트웨어 개발보안 가이드」에 따라 시큐어 코딩을 적용하여 개발 | L93: · 소스코드 보안약점 진단•조치 결과서 · 웹 취약점 진단•조치 결과서 · 보안성 검토 결과 및 조치 결과서 | Q93: 완료 | R93: 수용 | S93: 수용 | T93: 46246
E94: SER-010-01-02 | G94: KISA 인증 소스코드 보안약점 진단도구 또는 이에 준하는 상용 도구를 사용하여 개발 전 과정에서 보안약점을 점검하여야 한다. | H94: RFP | I94: 제논 | J94: KISA 인증 소스코드 보안약점 진단도구 또는 이에 준하는 상용 도구를 사용하여 개발 전 과정에서 보안약점을 점검 | Q94: 완료 | R94: 수용 | S94: 수용 | T94: 46246
E95: SER-010-01-03 | G95: 고위험 보안약점은 서비스 오픈 전 100% 조치 완료해야 하며, 중위험 이하는 조치 계획서를 제출하여야 한다. | H95: RFP | I95: 제논 | J95: 고위험 보안약점은 서비스 오픈 전 100% 조치 완료하고 중위험 이하는 조치 계획서를 제출 | Q95: 완료 | R95: 수용 | S95: 수용 | T95: 46246
E96: SER-010-02-01 | F96: [소스코드, 인프라(서버, 네트워크, DB), 웹 취약점 점검 및 보안성 검토] | G96: OWASP Top 10 및 국정원 8대 웹 취약점을 포함하여 점검하고 조치 결과를 제출하여야 한다. | H96: RFP | I96: 제논 | J96: OWASP Top 10 및 국정원 8대 웹 취약점을 포함하여 점검하고 조치 결과를 제출 | Q96: 완료 | R96: 수용 | S96: 수용 | T96: 46246
E97: SER-010-02-02 | G97: 개발 완료 후 보안성 검토 결과서(시큐어코딩 적용 현황, 보안약점 진단 결과, 소스코드, 인프라, 웹 취약점 점검 결과, 미조치 사항 조치 계획)을 위원회에 제출하여야 한다. | H97: RFP | I97: 제논 | J97: 시큐어코딩·소스·인프라·웹 취약점과 미조치 계획을 포함한 보안성 검토결과 제출 | Q97: 완료 | R97: 수용 | S97: 수용 | T97: 46246
E98: SER-010-02-03 | G98: 감리 시 시큐어코딩 이행 증빙을 제출할 수 있어야 한다. | H98: RFP | I98: 제논 | J98: 감리 시 시큐어코딩 이행 증빙을 제출 가능 | Q98: 완료 | R98: 수용 | S98: 수용 | T98: 46246
A99: 보안 요구사항 | B99: SER-011 | C99: 사업수행 보안 관리 | D99: 참여인력 보안서약·장비 통제·자료 반출입·누출금지·종료 시 파기 의무 | E99: SER-011-01-01 | F99: [참여인력 보안 관리] | G99: 사업에 참여하는 모든 인력(하도급업체 포함)은 사업 착수 전 보안서약서를 제출하고 보안 교육을 이수하여야 한다. | H99: RFP | I99: 제논 | J99: 사업에 참여하는 모든 인력(하도급업체 포함)은 사업 착수 전 보안서약서를 제출·보안 교육을 이수 | L99: · 보안서약서 (참여인력•대표자) · 보안교육 일지 · 장비•자료 반출입 관리대장 · 정보시스템 저장매체 완전삭제 확인서 · 보안확약서 | Q99: 완료 | R99: 수용 | S99: 수용 | T99: 46246
E100: SER-011-01-02 | G100: 인력 투입·교체·철수 시 위원회에 사전 통보하고, 철수 인력의 접근 권한을 즉시 회수하여야 한다. | H100: RFP | I100: 제논 | J100: 인력 투입·교체·철수 시 위원회에 사전 통보하고, 철수 인력의 접근 권한을 즉시 회수 | Q100: 완료 | R100: 수용 | S100: 수용 | T100: 46246
E101: SER-011-01-03 | G101: 채무자 정보 등 민감 금융정보에 접근하는 인력에 대해 별도 보안서약 및 접근 권한 관리를 적용하여야 한다. | H101: RFP | I101: 제논 | J101: 채무자 정보 등 민감 금융정보에 접근하는 인력에 대해 별도 보안서약 및 접근 권한 관리를 적용 | Q101: 완료 | R101: 수용 | S101: 수용 | T101: 46246
...

Sheet 품질
A1: 요구사항정의서-비기능
A2: 사업명 | D2: 신용회복위원회 통합 AI 플랫폼 구축 사업 | H2: 업무 구분 | K2: 품질 요구사항 | P2: 작성자 | S2: 김현근
A3: 단계 | D3: 요구분석, 설계, 구현, 테스트, 전개 | H3: 작성일자 | K3: 2026.08.24 | P3: 버전 | S3: v.0.999
A5: 요구사항 분류 | B5: 요구사항 고유번호 | C5: 요구사항 명 | D5: 정의 | E5: 상세요구사항ID | F5: 상세요구사항명 | G5: 상세요구사항 설명 | H5: 요구사항 출처 | I5: 담당 수행사 | J5: 제약사항 및 처리(수행)방안 | K5: 위원회 검토 의견(26.8.12.) | L5: 산출정보(RFP 기준) | M5: 산출물(방법론 테일러링 결과서) | N5: 요구사항 상태 | O5: 중요도 | P5: 담당자 | Q5: 완료여부 | R5: 수행사 수용 여부 | S5: 위원회 수용 여부 | T5: 비고(변경처리내역 등)
A6: 품질 요구사항 | B6: QUR-001 | C6: 언어모델 운영 품질 관리 | D6: 언어모델 운영 및 교체에 관한 품질 관리 기준 정의 | E6: QUR-001-01-01 | F6: [운영 매뉴얼 제공] | G6: 모델 등록·교체·롤백 절차에 대한 운영 매뉴얼을 제공하여야 한다. | H6: RFP | I6: 제논 | J6: 모델 등록·교체·롤백 절차에 대한 운영 매뉴얼을 제공 | L6: · 언어모델 운영 매뉴얼 (모델 교체•롤백 절차 포함) · 장애대응 매뉴얼 (모델 장애 시 대응 절차) | Q6: 완료 | R6: 수용 | S6: 수용 | T6: 46246
E7: QUR-001-01-02 | G7: 모델별 최적 파라미터 설정 가이드를 제공하여야 한다. | H7: RFP | I7: 제논 | J7: 모델별 최적 파라미터 설정 가이드를 제공 | Q7: 완료 | R7: 수용 | S7: 수용 | T7: 46246
E8: QUR-001-01-03 | G8: 장애 발생 시 대응 절차를 포함하여야 한다. | H8: RFP | I8: 제논 | J8: 장애 발생 시 대응 절차를 포함 | Q8: 완료 | R8: 수용 | S8: 수용 | T8: 46246
E9: QUR-001-02-01 | F9: [모델 교체 절차서] | G9: 모델 교체 시 사전 준비사항, 교체 절차, 검증 방법, 롤백 절차를 상세 포함한 표준 절차서를 제공하여야 한다. 교체 절차는 SFR에서 정의한 설명 세부내용 비업무 시간(야간·주말) 계획 점검 방식을 기준으로 작성하며, 구 모델 백업 보존 및 복원 절차를 포함하여야 한다. | H9: RFP | I9: 제논 | J9: 사전준비→교체→검증→롤백 절차와 비업무시간 점검·구모델 백업·복원 기준을 표준화 | Q9: 완료 | R9: 수용 | S9: 수용 | T9: 46246
E10: QUR-001-02-02 | G10: 정부 표준 모델 도입 시나리오에 대한 대응 절차를 포함하여야 한다. | H10: RFP | I10: 제논 | J10: 정부 표준 모델 도입 시나리오에 대한 대응 절차를 포함 | Q10: 완료 | R10: 수용 | S10: 수용 | T10: 46246
E11: QUR-001-03-01 | F11: [기술 이전] | G11: 모델 관리 기능에 대한 교육을 AI 플랫폼 운영 부서 담당자를 대상 으로 최소 8시간 이상 실시하여야 한다. | H11: RFP | I11: 제논 | J11: AI 플랫폼 운영담당자 대상 모델 관리 교육 8시간 이상 실시 | Q11: 완료 | R11: 수용 | S11: 수용 | T11: 46246
E12: QUR-001-03-02 | G12: 교육 내용: 모델 등록/교체, 버전 관리, 성능 모니터링, 장애 대응 | H12: RFP | I12: 제논 | J12: 교육 내용: 모델 등록/교체, 버전 관리, 성능 모니터링, 장애 대응 | Q12: 완료 | R12: 수용 | S12: 수용 | T12: 46246
A13: 품질 요구사항 | B13: QUR-002 | C13: 생성형 AI 응답 품질 관리 | D13: 생성형 AI 시스템의 응답 품질을 지속적으로 관리하기 위한 기준 및 절차 정의 | E13: QUR-002-01-01 | F13: [응답 품질 공통 프레임워크] | G13: 모든 사전 구축 AI 서비스의 공통 품질 평가 기준(정확성·관련성·완 전성·일관성·환각률)을 수립하고 문서화하여야 한다. | H13: RFP | I13: 제논 | J13: 모든 사전 구축 AI 서비스의 공통 품질 평가 기준(정확성·관련성·완 전성·일관성·환각률)을 수립·문서화 | L13: · 응답 품질 관리 기준서 (평가 기준•개선 절차 포함) · 응답 품질 모니터링 리포트 (주간•월간 품질 추이 및 개선 이력 포함) | Q13: 완료 | R13: 수용 | S13: 수용 | T13: 46246
E14: QUR-002-01-02 | G14: 할루시네이션(Hallucination) 발생률 모니터링 기준을 수립하여야 한다. | H14: RFP | I14: 제논 | J14: 할루시네이션(Hallucination) 발생률 모니터링 기준 수립 | Q14: 완료 | R14: 수용 | S14: 수용 | T14: 46246
E15: QUR-002-01-03 | G15: 업무 유형별 응답 품질 기준을 차등 적용할 수 있어야 한다. 상세 | H15: RFP | I15: 제논 | J15: 업무유형별 응답 품질 기준과 합격 임계값 차등 적용 | Q15: 완료 | R15: 수용 | S15: 수용 | T15: 46246
E16: QUR-002-01-04 | G16: 사전 구축 AI 서비스(Agent) 차이점은 아래와 같이 정의한다: · Agent 상담지식: 의도 분류 정확성, 근거 인용 정확성, 추론 경로 투명성 · Agent 데이터길잡이: 코드 실행 정합성(필터·집계·컬럼), 문서분석 정합성, PII 탐지 · Agent 문서작성 지원: 톤 적합성(격식·문체·호칭), 사실 보존성, 번역 충실도, FAQ 원천 정합성 · Agent 민원처리 지원: 유사 사례 매칭(유형·쟁점·제도), 서면 답변 품질, PII 비식별화 · Agent 업무담당자 검색: 담당자 매칭 정확성 · Agent 협약기관 검색: 검색 정확성(정확·유사·약칭), 배치 동기화 정합성 · Agent 채권양수도 추론: 추론 정확성(목록·정렬·역방향), 증분 추가 정합성 · Agent 사내규정 검색: 조항 인용 정확성, 현행 우선 참조, 자동 탐지 적시성, 의무 안내 | H16: RFP | I16: 제논 | J16: Agent별 핵심 품질지표(의도·근거·코드·톤·매칭·추론·현행성)를 분리 정의하고 유형별 평가표 적용 | Q16: 완료 | R16: 수용 | S16: 수용 | T16: 46246
E17: QUR-002-02-01 | F17: [응답 품질 모니터링] | G17: 사용자 피드백(긍정/부정) 수집·분석 체계를 제공하여야 한다. | H17: RFP | I17: 제논 | J17: 사용자 피드백(긍정/부정) 수집·분석 체계 구성 | Q17: 완료 | R17: 수용 | S17: 수용 | T17: 46246
E18: QUR-002-02-02 | G18: 부정 피드백 발생 시 질의-응답 이력을 추적하고 원인을 분석할 수 있어야 한다. | H18: RFP | I18: 제논 | J18: 부정 피드백 발생 시 질의-응답 이력을 추적하고 원인을 분석 가능 | Q18: 완료 | R18: 수용 | S18: 수용 | T18: 46246
E19: QUR-002-02-03 | G19: 응답 품질 현황을 주간/월간 단위로 리포트할 수 있어야 한다. | H19: RFP | I19: 제논 | J19: 응답 품질 현황을 주간/월간 단위로 리포트 가능 | Q19: 완료 | R19: 수용 | S19: 수용 | T19: 46246
E20: QUR-002-02-04 | G20: AI 서비스 유형별 품질 지표를 구분하여 모니터링하고, 유형별 품질 추이를 비교 조회할 수 있어야 한다. | H20: RFP | I20: 제논 | J20: AI 서비스 유형별 품질 지표를 구분하여 모니터링하고, 유형별 품질 추이를 비교 조회 가능 | Q20: 완료 | R20: 수용 | S20: 수용 | T20: 46246
E21: QUR-002-03-01 | F21: [응답 품질 개선 절차] ※ 자동 채점 평가 지표 및 모니터링 대시보드 품질 지표의 정의는 TER에서 정의한다. | G21: 품질 기준 미달 응답에 대한 개선 절차(프롬프트 수정, RAG 데이터 보완, 모델 파라미터 조정 등)를 문서화하여야 한다. | H21: RFP | I21: 제논 | J21: 품질 기준 미달 응답에 대한 개선 절차(프롬프트 수정, RAG 데이터 보완, 모델 파라미터 조정 등)를 문서화 | Q21: 완료 | R21: 수용 | S21: 수용 | T21: 46246
E22: QUR-002-03-02 | G22: 품질 개선 이력을 기록하고 관리하여야 한다. | H22: RFP | I22: 제논 | J22: 품질 개선 이력을 기록하고 관리 | Q22: 완료 | R22: 수용 | S22: 수용 | T22: 46246
A23: 품질 요구사항 | B23: QUR-003 | C23: RAG 지식베이스 품질 관리 | D23: RAG 시스템의 지식베이스(문서, 벡터 DB) 품질을 유지하기 위한 기준 및 절차 정의 | E23: QUR-003-01-01 | F23: [문서 품질 기준] | G23: 지식베이스에 등록되는 문서의 품질 기준(최신성, 정확성, 공식성)을 수립하고 문서화하여야 한다. | H23: RFP | I23: 제논 | J23: 지식베이스에 등록되는 문서의 품질 기준(최신성, 정확성, 공식성)을 수립·문서화 | L23: · 지식베이스 품질 관리 기준서 (문서 품질•갱신•임베딩 관리 절차 포함) | Q23: 완료 | R23: 수용 | S23: 수용 | T23: 46246
E24: QUR-003-01-02 | G24: 문서 등록 시 품질 검증 절차(검토자 승인 등)를 제공하여야 한다. | H24: RFP | I24: 제논 | J24: 문서 등록 시 품질 검증 절차(검토자 승인 등)를 제공 | Q24: 완료 | R24: 수용 | S24: 수용 | T24: 46246
E25: QUR-003-02-01 | F25: [임베딩 품질 관리] | G25: 문서 파싱 및 청킹 결과의 품질을 검증하는 방안을 제시하여야 한다. | H25: RFP | I25: 제논 | J25: 문서 파싱 및 청킹 결과의 품질을 검증하는 방안 제시 | Q25: 완료 | R25: 수용 | S25: 수용 | T25: 46246
E26: QUR-003-02-02 | G26: 임베딩 품질(검색 정확도) 측정 기준 및 방법을 제시하여야 한다. | H26: RFP | I26: 제논 | J26: 임베딩 품질(검색 정확도) 측정 기준 및 방법을 제시 | Q26: 완료 | R26: 수용 | S26: 수용 | T26: 46246
E27: QUR-003-02-03 | G27: 임베딩 품질 저하 시 재임베딩 절차를 문서화하여야 한다. | H27: RFP | I27: 제논 | J27: 임베딩 품질 저하 시 재임베딩 절차를 문서화 | Q27: 완료 | R27: 수용 | S27: 수용 | T27: 46246
E28: QUR-003-03-01 | F28: [지식베이스 갱신 관리] ※ 청크 품질 검수 기준, 검색 프리셋·동의어·배치전략 품질 검증은 TER에서 정의한다. | G28: 지식에 대한 제정, 개정 등 지식베이스 갱신 절차를 수립하여야 한다. | H28: RFP | I28: 제논 | J28: 지식에 대한 제정, 개정 등 지식베이스 갱신 절차 수립 | Q28: 완료 | R28: 수용 | S28: 수용 | T28: 46246
E29: QUR-003-03-02 | G29: 문서 버전 관리 및 변경 이력 추적 기능을 제공하여야 한다. | H29: RFP | I29: 제논 | J29: 문서 버전 관리 및 변경 이력 추적 기능 제공 | Q29: 완료 | R29: 수용 | S29: 수용 | T29: 46246
E30: QUR-003-03-03 | G30: 구버전 문서와 신버전 문서의 병행 관리 방안을 제시하여야 한다. | H30: RFP | I30: 제논 | J30: 구버전 문서와 신버전 문서의 병행 관리 방안 제시 | Q30: 완료 | R30: 수용 | S30: 수용 | T30: 46246
A31: 품질 요구사항 | B31: QUR-004 | C31: 프롬프트 라이브러리 품질 | D31: 프롬프트 라이브러리에 등록된 프롬프트의 품질을 유지하기 위한 기준 및 절차 정의 | E31: QUR-004-01-01 | F31: [프롬프트 품질 기준] | G31: 표준 프롬프트 등록 시 품질 검증 기준(명확성, 일관성, 응답 유도 적절성)을 수립하여야 한다. | H31: RFP | I31: 제논 | J31: 표준 프롬프트 등록 시 품질 검증 기준(명확성, 일관성, 응답 유도 적절성)을 수립 | L31: · 프롬프트 품질 관리 기준서 (등록 검증•효과성 평가•유지보수 절차) | Q31: 완료 | R31: 수용 | S31: 수용 | T31: 46246
E32: QUR-004-01-02 | G32: 프롬프트 작성 가이드라인을 제공하여야 한다. | H32: RFP | I32: 제논 | J32: 프롬프트 작성 가이드라인을 제공 | Q32: 완료 | R32: 수용 | S32: 수용 | T32: 46246
E33: QUR-004-02-01 | F33: [프롬프트 효과성 평가] | G33: 프롬프트별 사용 빈도, 사용자 평점, 응답 품질을 연계 분석하는 상세 기능을 제공하여야 한다. | H33: RFP | I33: 제논 | J33: 프롬프트별 사용 빈도, 사용자 평점, 응답 품질을 연계 분석하는 기능 제공 | Q33: 완료 | R33: 수용 | S33: 수용 | T33: 46246
E34: QUR-004-02-02 | G34: 저품질 프롬프트(낮은 평점, 부정 피드백 다수) 식별 및 개선 절차를 수립하여야 한다. | H34: RFP | I34: 제논 | J34: 저품질 프롬프트(낮은 평점, 부정 피드백 다수) 식별 및 개선 절차 수립 | Q34: 완료 | R34: 수용 | S34: 수용 | T34: 46246
E35: QUR-004-02-03 | G35: 문서 유형별 구조 템플릿 및 톤 프롬프트(SFR-015)에 대해, 동일 입력을 반복 실행했을 때 출력 구조·문체가 일관되게 유지되는지를 검증하는 기준 및 절차를 수립하여야 한다. | H35: RFP | I35: 제논 | J35: 문서유형별 구조·톤 프롬프트의 반복실행 출력 구조·문체 일관성 검증 | Q35: 완료 | R35: 수용 | S35: 수용 | T35: 46246
E36: QUR-004-03-01 | F36: [프롬프트 유지보수] | G36: 모델 교체 시 프롬프트 호환성 검증 절차를 수립하여야 한다. | H36: RFP | I36: 제논 | J36: 모델 교체 시 프롬프트 호환성 검증 절차 수립 | Q36: 완료 | R36: 수용 | S36: 수용 | T36: 46246
E37: QUR-004-03-02 | G37: 업무 변경 시 관련 프롬프트 갱신 절차를 수립하여야 한다. | H37: RFP | I37: 제논 | J37: 업무 변경 시 관련 프롬프트 갱신 절차 수립 | Q37: 완료 | R37: 수용 | S37: 수용 | T37: 46246
A38: 품질 요구사항 | B38: QUR-005 | C38: 품질보증 일반사항 | D38: SW 사업 품질보증에 관한 일반적 조직·절차·인증 기준 정의 | E38: QUR-005-01-01 | F38: [통합 품질보증(QA) 계획 수립 및 수행] | G38: 사업자는 품질관리 전담 조직(또는 담당자)을 지정하고, 품질관리 계획서에 품질보증 조직·역할·책임을 명시하여야 한다. | H38: RFP | I38: 제논 | J38: 품질관리 전담 조직(또는 담당자)을 지정하고, 품질관리 계획서에 품질보증 조직·역할·책임을 명시 | L38: · 품질관리 계획서 (품질보증 조직•역할•책임, 단계별 품질보증 활동 절차 포함) | Q38: 완료 | R38: 수용 | S38: 수용 | T38: 46246
E39: QUR-005-01-02 | G39: SW 개발 전 과정에 걸쳐 품질보증 활동(검토, 감사, 시정 조치)을 수행하고, 그 결과를 문서화하여야 한다. | H39: RFP | I39: 제논 | J39: SW 개발 전 과정에 걸쳐 품질보증 활동(검토, 감사, 시정 조치)을 수행하고, 그 결과를 문서화 | Q39: 완료 | R39: 수용 | S39: 수용 | T39: 46246
E40: QUR-005-01-03 | G40: 데이터베이스(DB) 및 데이터 값에 대한 품질 진단을 수행하고, 개선 결과를 보고하여야 한다. | H40: RFP | I40: 제논 | J40: 데이터베이스(DB) 및 데이터 값에 대한 품질 진단을 수행하고, 개선 결과를 보고 | Q40: 완료 | R40: 수용 | S40: 수용 | T40: 46246
E41: QUR-005-02-01 | F41: [시스템 가용성 보장 및 장애 복구] | G41: 시스템은 통상적인 업무시간 운영을 보장하고, 계획된 점검 시간 외에는 정상 운영을 유지하여야 한다. | H41: RFP | I41: 제논 | J41: 통상적인 업무시간 운영을 보장하고, 계획된 점검 시간 외에는 정상 운영을 유지 | Q41: 완료 | R41: 수용 | S41: 수용 | T41: 46246
E42: QUR-005-02-02 | G42: 결함 및 장애 발생 시 목표 복구 시간(RTO) 내 처리해야 하며, 데 이터 유실 방지를 위한 백업·복구 체계를 수립하여야 한다. | H42: RFP | I42: 제논 | J42: 결함 및 장애 발생 시 목표 복구 시간(RTO) 내 처리하고 데이터 유실 방지를 위한 백업·복구 체계를 수립 | Q42: 완료 | R42: 수용 | S42: 수용 | T42: 46246
E43: QUR-005-03-01 | F43: [변경 및 형상 관리] | G43: 초기 협의된 요구사항의 변경 발생 시, 공식적인 변경관리 절차를 통해 승인을 획득한 후 반영하여야 한다. | H43: RFP | I43: 제논 | J43: 초기 협의된 요구사항의 변경 발생 시, 공식적인 변경관리 절차를 통해 승인을 획득한 후 반영 | Q43: 완료 | R43: 수용 | S43: 수용 | T43: 46246
E44: QUR-005-03-02 | G44: 프로그램 소스코드, 산출물 등의 일관성을 유지하기 위한 형상관리 (버전 관리) 방안을 수립하여야 한다. | H44: RFP | I44: 제논 | J44: 프로그램 소스코드, 산출물 등의 일관성을 유지하기 위한 형상관리 (버전 관리) 방안을 수립 | Q44: 완료 | R44: 수용 | S44: 수용 | T44: 46246

Sheet 제약
A1: 요구사항정의서-비기능
A2: 사업명 | D2: 신용회복위원회 통합 AI 플랫폼 구축 사업 | H2: 업무 구분 | K2: 제약 사항 | P2: 작성자 | S2: 김현근
A3: 단계 | D3: 요구분석, 설계, 구현, 테스트, 전개 | H3: 작성일자 | K3: 2026.08.24 | P3: 버전 | S3: v.0.999
A5: 요구사항 분류 | B5: 요구사항 고유번호 | C5: 요구사항 명 | D5: 정의 | E5: 상세요구사항ID | F5: 상세요구사항명 | G5: 상세요구사항 설명 | H5: 요구사항 출처 | I5: 담당 수행사 | J5: 제약사항 및 처리(수행)방안 | K5: 위원회 검토 의견(26.8.12.) | L5: 산출정보(RFP 기준) | M5: 산출물(방법론 테일러링 결과서) | N5: 요구사항 상태 | O5: 중요도 | P5: 담당자 | Q5: 완료여부 | R5: 수행사 수용 여부 | S5: 위원회 수용 여부 | T5: 비고(변경처리내역 등)
A6: 제약사항 | B6: COR-001 | C6: 관련 법령 및 규정 준수 | D6: 공공 정보화사업 관련 법령 및 규정 준수 의무 | E6: COR-001-01-01 | F6: [법령·지침 준수] | G6: 사업자는 다음 법령 및 지침을 준수하여 사업을 수행하여야 한다: · 「행정기관 및 공공기관 정보시스템 구축·운영 지침」(행정안전부 고시) · 「소프트웨어 진흥법」 및 관련 하위규정 · 「개인정보 보호법」 및 관련 규칙·지침·가이드 · 「전자정부법」 및 관련 고시 · 「인공지능 발전과 신뢰 기반 조성 등에 관한 기본법」 및 동법 시행령 · 「공공분야 인공지능 도입을 위한 실무자 안내서」 | H6: RFP | I6: 제논 | J6: [Before] 공공 정보시스템 지침·SW진흥법·개인정보보호법·전자정부법·AI기본법 등 법령 준수표와 증적 관리 [After] 공공 정보시스템 지침·SW진흥법·개인정보보호법·전자정부법·AI기본법 및 「공공분야 인공지능 도입을 위한 실무자 안내서」와 2026년 5월 개정 「국가 사이버보안 기본지침」 등 법령 준수표와 증적 관리 최신본의 적용 조항을 검토하여 법령·지침 준수표와 보안 설계·점검 체크리스트에 반영 | K6: 「공공분야 인공지능 도입을 위한 실무자 안내서」 누락 국가 사이버보안 기본지침(26.5월 개정) 검토 요청 | L6: · 법령·지침 준수 확인서 (적용 법령 목록 및 준수 현황) · 기술적용계획표 · 기술적용결과표 | Q6: 완료 | R6: 수용 | S6: 수용 | T6: 46255
E7: COR-001-01-02 | G7: 사업 추진 기간 내 적용 법령·규정에 변경이 발생할 경우 위원회와 협의 하여 반영하여야 한다. | H7: RFP | I7: 제논 | J7: 사업 추진 기간 내 적용 법령·규정에 변경이 발생할 경우 위원회 협의 후 반영 | Q7: 완료 | R7: 수용 | S7: 수용 | T7: 46246
E8: COR-001-02-01 | F8: [예측 모델 학습 데이터 목적 외 사용 금지] | G8: 예측 모델 학습에 사용되는 채무조정 이용자 데이터는 「신용정보의 이용 및 보호에 관한 법률」 및 「개인정보 보호법」에 따른 가명처리 절차를 거쳐 제공된다. | H8: RFP | I8: PwC | J8: 가명처리 완료된 채무조정 이용자 데이터만 예측모델 학습·검증에 사용 | Q8: 완료 | R8: 수용 | S8: 수용 | T8: 46246
E9: COR-001-02-02 | G9: 수행사는 위원회로부터 제공받은 가명처리 데이터를 본 사업 목적(모델 학습 및 검증) 외의 용도로 사용하거나 제3자에게 제공할 수 없다. | H9: RFP | I9: PwC | J9: 위원회로부터 제공받은 가명처리 데이터를 본 사업 목적(모델 학습 및 검증) 외의 용도로 사용하거나 제3자에게 제공 금지 | Q9: 완료 | R9: 수용 | S9: 수용 | T9: 46246
E10: COR-001-03-01 | F10: [기술적용계획 수립 및 제출] | G10: 사업자는 「행정기관 및 공공기관 정보시스템 구축·운영 지침」 [별지9] ' 기술적용계획표'를 작성하여 사업수행계획서에 포함하여야 한다. | H10: RFP | I10: 제논 | J10: 「행정기관 및 공공기관 정보시스템 구축·운영 지침」 [별지9] ' 기술적용계획표'를 작성·사업수행계획서에 포함 | Q10: 완료 | R10: 수용 | S10: 수용 | T10: 46246
E11: COR-001-03-02 | G11: 사업 완료 시 '기술적용결과표'를 작성하여 제출하여야 한다. | H11: RFP | I11: 제논 | J11: 사업 완료 시 '기술적용결과표'를 작성·제출 | Q11: 완료 | R11: 수용 | S11: 수용 | T11: 46246
A12: 제약사항 | B12: COR-002 | C12: 개발 표준 및 기술 규격 준수 | D12: 개발 언어, 프레임워크, 웹 표준 등 기술 제약 조건 | E12: COR-002-01-01 | F12: [개발 표준] | G12: 웹 애플리케이션은 HTML5 기반으로 개발하여야 하며, ActiveX 및 Flash 등 비표준 기술을 사용할 수 없다. | H12: RFP | I12: 제논 | J12: HTML5 기반으로 개발하고 ActiveX·Flash 등 비표준 기술 배제 | Q12: 완료 | R12: 수용 | S12: 수용 | T12: 46246
E13: COR-002-01-02 | G13: 개발 언어는 제조사의 지속적 기술지원이 가능하고 유지관리가 용이한 범용적 언어를 사용하여야 한다. 세부사항은 위원회와 협의하여 정한다. | H13: RFP | I13: 제논 | J13: 지속 기술지원·유지관리가 가능한 범용 개발언어 적용, 세부사항 위원회 협의·확정 | Q13: 완료 | R13: 수용 | S13: 수용 | T13: 46246
E14: COR-002-01-03 | G14: 부득이한 경우를 제외하고 특정 기술에 종속되지 않는 개방형 기술로 구현하여야 한다. | H14: RFP | I14: 제논 | J14: 부득이한 경우를 제외하고 특정 기술에 종속되지 않는 개방형 기술로 구현 | Q14: 완료 | R14: 수용 | S14: 수용 | T14: 46246
A15: 제약사항 | B15: COR-003 | C15: 저작권 및 지식재산권 보호 | D15: 사업 수행 과정의 저작권·지식재산권 관련 제약 조건 | E15: COR-003-01-01 | F15: [지식재산권 귀속] | G15: 본 사업 수행 결과 발생하는 지식재산권(산출물, 소스코드, 문서 등)은 위원회와 사업자가 공동으로 소유함을 원칙으로 한다. 단, 사업의 특수성을 고려하여 별도 협의할 수 있다. | H15: RFP | I15: 제논 | J15: 산출물·소스코드·문서 지식재산권은 위원회·사업자 공동소유 원칙 적용 | L15: · 오픈소스 라이선스 검증 결과서 | Q15: 완료 | R15: 수용 | S15: 수용 | T15: 46246
E16: COR-003-01-02 | G16: 사업자가 사업 착수 전부터 보유한 고유 기술·소프트웨어의 지식재 산권은 사업자에게 귀속하되, 위원회는 본 사업 목적 범위 내에서 사용할 수 있다. | H16: RFP | I16: 제논 | J16: 사업자 선행 보유 기술·S/W 지식재산권은 사업자 귀속, 위원회는 사업목적 범위에서 사용 | Q16: 완료 | R16: 수용 | S16: 수용 | T16: 46246
E17: COR-003-02-01 | F17: [제3자 권리 침해 책임] | G17: 제3자의 특허권, 저작권, 상표권 기타 지식재산권을 침해하여 발생하는 손해배상 및 민·형사상 일체의 책임은 사업자가 부담한다. | H17: RFP | I17: 제논 | J17: 제3자의 특허권, 저작권, 상표권 기타 지식재산권을 침해하여 발생하는 손해배상 및 민·형사상 일체의 책임은 사업자가 부담 | Q17: 완료 | R17: 수용 | S17: 수용 | T17: 46246
E18: COR-003-02-02 | G18: 시스템 구축 시 사용되는 모든 디자인, 폰트, 이미지, 콘텐츠는 저작권법에 위배되지 않아야 한다. | H18: RFP | I18: 제논 | J18: 시스템 구축 시 사용되는 모든 디자인, 폰트, 이미지, 콘텐츠는 저작권법에 위배되지 않아야 | Q18: 완료 | R18: 수용 | S18: 수용 | T18: 46246
E19: COR-003-03-01 | F19: [오픈소스 라이선스 관리] | G19: 오픈소스 소프트웨어(OSS) 사용 시 라이선스 조건, 보안, 유지관리 가능성 등을 위원회와 사전 협의 및 승인 후 사용하여야 한다. | H19: RFP | I19: 제논 | J19: 오픈소스 소프트웨어(OSS) 사용 시 라이선스 조건, 보안, 유지관리 가능성 등을 위원회와 사전 협의 및 승인 후 사용 | Q19: 완료 | R19: 수용 | S19: 수용 | T19: 46246
E20: COR-003-03-02 | G20: 사업 완료 시 사용된 오픈소스 목록, 라이선스 유형, 의무사항 이행 현황을 포함한 검증 결과서를 제출하여야 한다. | H20: RFP | I20: 제논 | J20: 사업 완료 시 사용된 오픈소스 목록, 라이선스 유형, 의무사항 이행 현황을 포함한 검증 결과서를 제출 | Q20: 완료 | R20: 수용 | S20: 수용 | T20: 46246
A21: 제약사항 | B21: COR-004 | C21: 감리, 개인정보영향평가 대응 및 설계변경 | D21: 정보시스템 감리 대응 및 사업 내용 변경에 관한 제약 조건 | E21: COR-004-01-01 | F21: [감리 대응] | G21: 본 사업에 대한 감리가 수행될 경우 사업자는 감리법인의 점검에 필요한 산출물을 작성·제출하고, 감리 수행을 적극 지원하여야 한다. | H21: RFP | I21: 제논 | J21: 감리가 수행될 경우 사업자는 감리법인의 점검에 필요한 산출물을 작성·제출하고, 감리 수행을 적극 지원 | L21: · 감리 대응 산출물 (감리 시정조치 이행 결과서) · 개인정보 영향평가 협조 자료 | Q21: 완료 | R21: 수용 | S21: 수용 | T21: 46246
E22: COR-004-01-02 | G22: 감리 결과에 따른 시정 조치를 이행하여야 한다. | H22: RFP | I22: 제논 | J22: 감리 결과에 따른 시정 조치를 이행 | Q22: 완료 | R22: 수용 | S22: 수용 | T22: 46246
E23: COR-004-02-01 | F23: [개인정보영향평가 협조] | G23: 본 사업에 대한 개인정보영향평가가 수행될 경우 사업자는 영향평 가사의 점검에 필요한 산출물을 작성·제출하고, 평가 수행을 적극 지원하여야 한다. | H23: RFP | I23: 제논 | J23: 개인정보영향평가가 수행될 경우 사업자는 영향평가사의 점검에 필요한 산출물을 작성·제출하고, 평가 수행을 적극 지원 | Q23: 완료 | R23: 수용 | S23: 수용 | T23: 46246
E24: COR-004-02-02 | G24: 평가 결과에 따른 시정 조치를 이행하여야 한다. | H24: RFP | I24: 제논 | J24: 평가 결과에 따른 시정 조치를 이행 | Q24: 완료 | R24: 수용 | S24: 수용 | T24: 46246
E25: COR-004-03-01 | F25: [설계변경] | G25: 위원회의 방침 또는 사정에 따라 과업 수행 내용의 변경이 있을 경우 상호 협의하여 설계를 변경할 수 있다. | H25: RFP | I25: 제논 | J25: 위원회의 방침 또는 사정에 따라 과업 수행 내용의 변경이 있을 경우 협의하여 설계를 변경 가능 | Q25: 완료 | R25: 수용 | S25: 수용 | T25: 46246
E26: COR-004-03-02 | G26: 본 제안요청서에 명시되지 아니한 사항이라도 사업 목적 달성을 위하여 필요한 경우 상호 합의하여 결정할 수 있다. | H26: RFP | I26: 제논 | J26: 본 제안요청서에 명시되지 아니한 사항이라도 사업 목적 달성을 위하여 필요한 경우 상호 합의하여 결정 가능 | Q26: 완료 | R26: 수용 | S26: 수용 | T26: 46246
A27: 제약사항 | B27: COR-005 | C27: 기존 시스템 호환 및 운영 영향 최소화 | D27: 기존 운영 시스템과의 호환성 확보 및 영향 최소화 | E27: COR-005-01-01 | F27: [호환성 확보] | G27: 신규 구축 시스템은 기존 위원회 운영 시스템(SSO, 업무포털 등)에 영향을 상세 주지 않아야 하며, 기존 시스템과 호환되어 정상 동작하여야 한다. | H27: RFP | I27: 제논 | J27: 기존 SSO·업무포털 영향 최소화 및 호환성·정상동작 검증 | L27: · 기존 시스템 호환성 검증 결과서 | Q27: 완료 | R27: 수용 | S27: 수용 | T27: 46246
E28: COR-005-01-02 | G28: 사업 수행 중 위원회의 ICT 인프라 환경이 변경되는 경우 이를 반영하여야 한다. | H28: RFP | I28: 제논 | J28: 사업 수행 중 위원회의 ICT 인프라 환경이 변경되는 경우 이를 반영 | Q28: 완료 | R28: 수용 | S28: 수용 | T28: 46246
E29: COR-005-01-03 | G29: 의사결정이 필요한 기술·도구 선정, 화면 흐름, 코드 분류 등 향후 운영과 유지관리에 영향을 주는 사항은 위원회와 사전 협의하여야 한다. | H29: RFP | I29: 제논 | J29: 의사결정이 필요한 기술·도구 선정, 화면 흐름, 코드 분류 등 향후 운영과 유지관리에 영향을 주는 사항은 위원회와 사전 협의 | Q29: 완료 | R29: 수용 | S29: 수용 | T29: 46246
A30: 제약사항 | B30: COR-006 | C30: AI 플랫폼(기존 콜센터 포함) 상면료 및 전용회선료 | D30: AI 플랫폼(기존 콜센터 포함) 상면료 및 전용회선료 비용 | E30: COR-006-01-01 | F30: 공통 | G30: 사업자는 제안서 내 IDC 입주 구성도 및 네트워크 연결 방안을 명시하여야 함 | H30: RFP | I30: 제논 | J30: 제안서 내 IDC 입주 구성도 및 네트워크 연결 방안을 명시 | Q30: 완료 | R30: 수용 | S30: 수용 | T30: 46246
E31: COR-006-01-02 | G31: 전용회선 구성은 위원회 폐쇄망 보안 정책을 준수하여야 함 | H31: RFP | I31: 제논 | J31: 전용회선 구성은 위원회 폐쇄망 보안 정책을 준수 | Q31: 완료 | R31: 수용 | S31: 수용 | T31: 46246
E32: COR-006-02-01 | F32: 비용 반영 범위 | G32: 사업자는 제안서 작성 및 사업비 산정 시 아래 항목을 사업 기간 내 발생 비용으로 포함하여야 함('26.5월~12월/변동가능) · IDC 상면료: 위원회 서버룸 이전에 따라 '26년에 부과되는 IDC 랙 상면 임차 비용 · 전용회선료: IDC-위원회 간 내부망 연결을 위한 전용회선 임차 비용 | H32: RFP | I32: 제논 | J32: 2026년 사업기간 IDC 랙 상면료와 IDC-위원회 전용회선료를 사업비에 포함 | Q32: 완료 | R32: 수용 | S32: 수용 | T32: 46246
E33: COR-006-02-02 | G33: 27년 이후 발생하는 상면료 및 전용회선료는 본 사업 범위에 포함 하지 않으며, 위원회가 별도 예산으로 부담함 | H33: RFP | I33: 제논 | J33: 2027년 이후 상면료·전용회선료는 사업범위 제외, 위원회 별도 예산 부담 | Q33: 완료 | R33: 수용 | S33: 수용 | T33: 46246
A34: 제약사항 | B34: COR-007 | C34: 제재 조건 및 지연배상금 | D34: 사업자 귀책 사유 및 장애 복구 지연 시 제재 및 지연배상금 부과 기준 | E34: COR-007-01-01 | F34: 사업자의 명백한 귀책 사유 또는 조건 사항 미이행 등으로 사업에 지장을 초래하거나 비용을 발생시키는 경우 사업자에게 지연배상금을 부과할 수 있음 | G34: 사업자의 명백한 귀책 사유 또는 조건 사항 미이행 등으로 사업에 지장을 초래하거나 비용을 발생시키는 경우 사업자에게 지연배상금을 부과할 수 있음 | H34: RFP | I34: 제논 | J34: 귀책사유·조건 미이행으로 일정·비용 영향 발생 시 지연배상금 조건 적용 | Q34: 완료 | R34: 수용 | S34: 수용 | T34: 46246
E35: COR-007-02-01 | F35: 제안사는 사업 기간 및 하자보수 기간 중, 장애 신고 접수 후 장애 복구 조치 시간 기준 이내에 장애를 복구하여야 하며, 장애 복구 조치 시간을 초과하였을 때 국가계약법 시행규칙 제75조에 따라 지연배상금을 부과할 수 있음 | G35: 사업 기간 및 하자보수 기간 중 사업자의 관리부실(시스템 조작 오류, 점검 불성실 이행 등)로 발생한 장애로 판단될 때 장애 발생 시점으로부터 장애 복구 시점까지의 시간을 지연시간으로 하여 지연배상금을 부과할 수 있음 | H35: RFP | I35: 제논 | J35: 관리부실 장애는 발생~복구 시간을 지연시간으로 산정해 국가계약법 기준 배상금 적용 | Q35: 완료 | R35: 수용 | S35: 수용 | T35: 46246
A36: 제약사항 | B36: COR-008 | C36: 하도급 관리방안 | D36: 하도급 관리기준 | E36: COR-008-01-01 | F36: 사업자 소속 이외의 인력은 하도급으로 간주하며, 하도급 계약 시 관계 법률을 준용하여 사전 승인을 받아야 함 | G36: 사업자 소속 이외의 인력은 하도급으로 간주하며, 하도급 계약 시 관계 법률을 준용하여 사전 승인을 받아야 함 | H36: RFP | I36: 제논 | J36: 사업자 외 인력은 하도급으로 관리하고 관계법령에 따른 위원회 사전승인 획득 | Q36: 완료 | R36: 수용 | S36: 수용 | T36: 46246
E37: COR-008-01-02 | F37: 본 사업의 일부를 하도급하려는 경우 사업금액의 100분의 50을 초과할 수 없으며 재하도급은 불허함 | G37: 본 사업의 일부를 하도급하려는 경우 사업금액의 100분의 50을 초과할 수 없으며 재하도급은 불허함 | H37: RFP | I37: 제논 | J37: 하도급 금액은 사업비 50% 이내로 제한하고 재하도급 불허 | Q37: 완료 | R37: 수용 | S37: 수용 | T37: 46246
E38: COR-008-01-03 | F38: 하도급 업체 투입 인력에 대한 관리방안을 제시하여야 함 | G38: 하도급 업체 투입 인력에 대한 관리방안을 제시하여야 함 | H38: RFP | I38: 제논 | J38: 하도급 업체 투입 인력에 대한 관리방안 제시 | Q38: 완료 | R38: 수용 | S38: 수용 | T38: 46246
E39: COR-008-01-04 | F39: 사업 도중 협력업체 변경 및 신규 지정은 사전에 위원회의 승인을 득하여야 함 | G39: 사업 도중 협력업체 변경 및 신규 지정은 사전에 위원회의 승인을 득하여야 함 | H39: RFP | I39: 제논 | J39: 협력업체 변경·신규 지정 전 위원회 사전승인 획득 | Q39: 완료 | R39: 수용 | S39: 수용 | T39: 46246
E40: COR-008-01-05 | F40: 본 사업에 대한 계약체결 이후 계약상대자는 하도급 계약이 승인 받은 대로 준수되고 있는지 확인할 수 있는 증빙서류를 주기적으로 제출하여 위원회의 확인을 받아야 하며, 승인받은 대로 이행하지 않은 경우 위원회는 계약상대자에게 시정을 요구할 수 있음 | G40: 본 사업에 대한 계약체결 이후 계약상대자는 하도급 계약이 승인 받은 대로 준수되고 있는지 확인할 수 있는 증빙서류를 주기적으로 제출하여 위원회의 확인을 받아야 하며, 승인받은 대로 이행하지 않은 경우 위원회는 계약상대자에게 시정을 요구할 수 있음 | H40: RFP | I40: 제논 | J40: 하도급 승인 이행 증빙을 정기 제출하고 미이행 시 위원회 시정요구 즉시 조치 | Q40: 완료 | R40: 수용 | S40: 수용 | T40: 46246

Sheet 프로젝트관리
A1: 요구사항정의서-비기능
A2: 사업명 | D2: 신용회복위원회 통합 AI 플랫폼 구축 사업 | H2: 업무 구분 | K2: 프로젝트관리 요구사항 | P2: 작성자 | S2: 김현근
A3: 단계 | D3: 요구분석, 설계, 구현, 테스트, 전개 | H3: 작성일자 | K3: 2026.08.24 | P3: 버전 | S3: v.0.999
A5: 요구사항 분류 | B5: 요구사항 고유번호 | C5: 요구사항 명 | D5: 정의 | E5: 상세요구사항ID | F5: 상세요구사항명 | G5: 상세요구사항 설명 | H5: 요구사항 출처 | I5: 담당 수행사 | J5: 제약사항 및 처리(수행)방안 | K5: 위원회 검토 의견(26.8.12.) | L5: 산출정보(RFP 기준) | M5: 산출물(방법론 테일러링 결과서) | N5: 요구사항 상태 | O5: 중요도 | P5: 담당자 | Q5: 완료여부 | R5: 수행사 수용 여부 | S5: 위원회 수용 여부 | T5: 비고(변경처리내역 등)
A6: 프로젝트 관리 요구사항 | B6: PMR-001 | C6: 사업수행 조직 구성 및 인력 관리 | D6: 사업수행 조직 구성, PM 요건, 투입인력 관리 및 교체 절차 정의 | E6: PMR-001-01-01 | F6: [사업수행 조직 구성] | G6: 사업자는 안정적인 사업수행을 위해 사업 수행조직, 역할, 업무분장을 포함한 조직 구성안을 사업수행계획서에 제시하여야 한다. | H6: RFP | I6: 제논 | J6: 안정적인 사업수행을 위해 사업 수행조직, 역할, 업무분장을 포함한 조직 구성안을 사업수행계획서에 반영 | L6: · 사업수행계획서(조직구성도, 역할분장표, 인력투입계획 포함) | Q6: 완료 | R6: 수용 | S6: 수용 | T6: 46246
E7: PMR-001-02-01 | F7: [사업관리자(PM) 요건] | G7: PM은 사업자 소속의 정규직원으로서, 입찰공고일 기준 현 재직자여야 한다. | H7: RFP | I7: 제논 | J7: 사업자 소속 정규직·입찰공고일 기준 재직자를 PM으로 배치 | Q7: 완료 | R7: 수용 | S7: 수용 | T7: 46246
E8: PMR-001-02-02 | G8: PM은 AI 플랫폼 또는 생성형 AI 관련 시스템 구축 사업에서 관리자 (PM/PL) 경력을 보유한 전문 인력이어야 한다. | H8: RFP | I8: 제논 | J8: AI 플랫폼·생성형 AI 구축 PM/PL 경력 보유 전문인력 배치 | Q8: 완료 | R8: 수용 | S8: 수용 | T8: 46246
E9: PMR-001-02-03 | G9: PM은 사업 전 기간 상주하여 전담해야 하며, 위원회의 동의 없이 교체할 수 없다. | H9: RFP | I9: 제논 | J9: PM 전 기간 상주·전담, 위원회 동의 없는 교체 금지 | Q9: 완료 | R9: 수용 | S9: 수용 | T9: 46246
E10: PMR-001-03-01 | F10: [투입인력 관리 및 교체] | G10: 사업 착수 시 제안한 투입인력은 위원회 동의 없이 임의 교체할 수 없다. | H10: RFP | I10: 제논 | J10: 사업 착수 시 제안한 투입인력은 위원회 동의 없이 임의 교체 금지 | Q10: 완료 | R10: 수용 | S10: 수용 | T10: 46246
E11: PMR-001-03-02 | G11: 불가피한 인력교체 시 교체 14일 전까지 동등 이상 자격의 대체 인력을 투입해야 하며, 인수인계 계획 및 보안교육·서약서 작성 결과를 사전에 제출하여야 한다. | H11: RFP | I11: 제논 | J11: 인력교체 14일 전 동급 이상 대체인력·인수인계계획·보안교육 증빙 제출 | Q11: 완료 | R11: 수용 | S11: 수용 | T11: 46246
E12: PMR-001-03-03 | G12: 위원회는 참여인력이 부적합하다고 판단될 경우 교체를 요구할 수 있 으며, 사업자는 요구일로부터 15일 이내에 교체하여야 한다. | H12: RFP | I12: 제논 | J12: 부적합 인력 교체요구 시 15일 이내 동급 이상 대체인력 투입 | Q12: 완료 | R12: 수용 | S12: 수용 | T12: 46246
E13: PMR-001-03-04 | G13: 인력교체로 인한 사업의 불안정화 및 품질 저하가 발생해서는 안 된다. | H13: RFP | I13: 제논 | J13: 인력교체 전후 품질·일정 공백이 없도록 병행 인수인계와 안정화 수행 | Q13: 완료 | R13: 수용 | S13: 수용 | T13: 46246
A14: 프로젝트 관리 요구사항 | B14: PMR-002 | C14: 보고 관리 | D14: 사업 추진 현황의 정기·비정기 보고 체계 및 절차 정의 | E14: PMR-002-01-01 | F14: [사업수행계획서 제출] | G14: 사업자는 계약체결 후 14일 이내에 사업수행계획서를 제출해야 하며, 위 원회의 승인을 득한 후 사업을 수행하여야 한다. | H14: RFP | I14: 제논 | J14: 계약 후 14일 이내 사업수행계획서 제출 및 위원회 승인 후 착수 | L14: · 사업수행계획서 · 주간보고서 · 월간보고서 · 착수/중간/완료보고서 · 회의록 | Q14: 완료 | R14: 수용 | S14: 수용 | T14: 46246
E15: PMR-002-01-02 | G15: 사업수행계획서에는 제안요청서·제안서·기술협상 결과서의 내용을 반영 하여야 한다. | H15: RFP | I15: 제논 | J15: 사업수행계획서에는 제안요청서·제안서·기술협상 결과서의 내용을 반영 | Q15: 완료 | R15: 수용 | S15: 수용 | T15: 46246
E16: PMR-002-02-01 | F16: [정기보고] | G16: 주간보고: 진도관리(계획 대비 실적), 문제점 및 특이사항, 차주 계획 (매주 1회) | H16: RFP | I16: 제논 | J16: 주간보고: 진도관리(계획 대비 실적), 문제점 및 특이사항, 차주 계획 (매주 1회) | Q16: 완료 | R16: 수용 | S16: 수용 | T16: 46246
E17: PMR-002-02-02 | G17: 월간보고: 진첩률, 당월 실적 및 익월 계획, 공정단계별 승인 사항 (매월 1회) | H17: RFP | I17: 제논 | J17: 월 1회 진척률·당월 실적·익월 계획·공정단계별 승인사항 보고 | Q17: 완료 | R17: 수용 | S17: 수용 | T17: 46246
E18: PMR-002-03-01 | F18: [비정기보고] | G18: 착수보고: 사업 추진전략 및 세부 진행계획, 업무분장 및 협조사항 | H18: RFP | I18: 제논 | J18: 착수보고: 사업 추진전략 및 세부 진행계획, 업무분장 및 협조사항 | Q18: 완료 | R18: 수용 | S18: 수용 | T18: 46246
E19: PMR-002-03-02 | G19: 중간보고: 개발 상황 및 현안 보고 (사업 진행률 50~70% 시점 또는 위원회 요청 시) | H19: RFP | I19: 제논 | J19: 진행률 50~70% 또는 위원회 요청 시 개발현황·현안 중간보고 수행 | Q19: 완료 | R19: 수용 | S19: 수용 | T19: 46246
E20: PMR-002-03-03 | G20: 완료보고: 전체 추진 단계의 수행 결과 보고 | H20: RFP | I20: 제논 | J20: 완료보고: 전체 추진 단계의 수행 결과 보고 | Q20: 완료 | R20: 수용 | S20: 수용 | T20: 46246
E21: PMR-002-03-04 | G21: 수시보고: 긴급 이슈사항 및 위험요소 발생 시 | H21: RFP | I21: 제논 | J21: 긴급 이슈·위험요소 발생 시 수시보고 수행 | Q21: 완료 | R21: 수용 | S21: 수용 | T21: 46246
E22: PMR-002-04-01 | F22: [보고 형식] | G22: 보고 형식, 시기, 방법 등 세부사항은 위원회와 협의하여 조정할 수 있다. | H22: RFP | I22: 제논 | J22: 보고 형식, 시기, 방법 등 세부사항은 위원회 협의 후 조정 가능 | Q22: 완료 | R22: 수용 | S22: 수용 | T22: 46246
A23: 프로젝트 관리 요구사항 | B23: PMR-003 | C23: 산출물 관리 및 행정 정보 현행화 | D23: 산출물 정의, 제출 시기, 검수 절차 및 법적 행정 정보 제출 의무 정의 | E23: PMR-003-01-01 | F23: [산출물 정의 및 제출] | G23: 사업자는 개발방법론에 기반하여 공정별 산출물 목록을 사업수행 계획서에 정의하고, 위원회와 협의 후 확정하여야 한다. | H23: RFP | I23: 제논 | J23: 개발방법론에 기반하여 공정별 산출물 목록을 사업수행 계획서에 정의하고, 위원회와 협의 후 확정 | L23: · 산출물 정의서 · 공정별 산출물 일체 · 완료보고서 · 검사결과 확인서 · 형상관리 계획서 · SW사업정보 저장소 제출 데이터 일체 | Q23: 완료 | R23: 수용 | S23: 수용 | T23: 46246
E24: PMR-003-01-02 | G24: 각 산출물은 정의된 단계와 시기에 따라 위원회에 제출하여야 한다. | H24: RFP | I24: 제논 | J24: 각 산출물은 정의된 단계와 시기에 따라 위원회에 제출 | Q24: 완료 | R24: 수용 | S24: 수용 | T24: 46246
E25: PMR-003-01-03 | G25: 산출물 작성 및 제출에 소요되는 일체의 비용은 사업자가 부담한다. | H25: RFP | I25: 제논 | J25: 산출물 작성 및 제출에 소요되는 일체의 비용은 사업자가 부담 | Q25: 완료 | R25: 수용 | S25: 수용 | T25: 46246
E26: PMR-003-02-01 | F26: [주요 산출물 (예시)] | G26: 착수 단계: 사업수행계획서(WBS 포함), 인력투입계획서, 보안서약서 일체 | H26: RFP | I26: 제논 | J26: 착수 단계: 사업수행계획서(WBS 포함), 인력투입계획서, 보안서약서 일체 | Q26: 완료 | R26: 수용 | S26: 수용 | T26: 46246
E27: PMR-003-02-02 | G27: 분석·설계 단계: 요구사항정의서, 요구사항추적표, 아키텍처설계서, 화면설계서, 인터페이스설계서, 데이터베이스설계서 | H27: RFP | I27: 제논 | J27: 분석·설계 단계: 요구사항정의서, 요구사항추적표, 아키텍처설계서, 화면설계서, 인터페이스설계서, 데이터베이스설계서 | Q27: 완료 | R27: 수용 | S27: 수용 | T27: 46246
E28: PMR-003-02-03 | G28: 구현·테스트 단계: 소스코드, 테스트계획서/결과서, 보안취약점진단 결과서 | H28: RFP | I28: 제논 | J28: 구현·테스트 단계: 소스코드, 테스트계획서/결과서, 보안취약점진단 결과서 | Q28: 완료 | R28: 수용 | S28: 수용 | T28: 46246
E29: PMR-003-02-04 | G29: 완료 단계: 사용자/관리자 매뉴얼, 시스템설치결과서, 교육결과서, 하자보수확약서, 완료보고서 | H29: RFP | I29: 제논 | J29: 완료 단계: 사용자/관리자 매뉴얼, 시스템설치결과서, 교육결과서, 하자보수확약서, 완료보고서 | Q29: 완료 | R29: 수용 | S29: 수용 | T29: 46246
E30: PMR-003-02-05 | G30: 최종 산출물 목록 및 수량은 위원회와 협의하여 확정한다. | H30: RFP | I30: 제논 | J30: 최종 산출물 목록 및 수량은 위원회 협의 후 확정 | Q30: 완료 | R30: 수용 | S30: 수용 | T30: 46246
E31: PMR-003-03-01 | F31: [검수 절차] | G31: 검수는 완료보고서 접수일로부터 14일 이내에 실시한다. | H31: RFP | I31: 제논 | J31: 검수는 완료보고서 접수일로부터 14일 이내에 실시 | Q31: 완료 | R31: 수용 | S31: 수용 | T31: 46246
E32: PMR-003-03-02 | G32: 계약서, 제안서, 사업수행계획서 등과 일치하지 않을 경우 지체 없이 보완 후 재검수를 받아야 한다. | H32: RFP | I32: 제논 | J32: 계약서·제안서·수행계획서 불일치 사항 즉시 보완 후 재검수 | Q32: 완료 | R32: 수용 | S32: 수용 | T32: 46246
E33: PMR-003-03-03 | G33: 사업자는 과업 완료 15일 전에 보고서 초안을 제출하여 사전 심의를 받아야 한다. | H33: RFP | I33: 제논 | J33: 과업 완료 15일 전 보고서 초안 제출 및 사전심의 반영 | Q33: 완료 | R33: 수용 | S33: 수용 | T33: 46246
E34: PMR-003-03-04 | G34: 프로그램 소스는 형상관리가 가능하도록 명명규칙·버전·도구 등을 구성하여 제출하여야 한다. | H34: RFP | I34: 제논 | J34: 프로그램 소스는 형상관리가 가능하도록 명명규칙·버전·도구 등을 구성하여 제출 | Q34: 완료 | R34: 수용 | S34: 수용 | T34: 46246
E35: PMR-003-04-01 | F35: [SW사업정보 저장소 데이터 제출] | G35: 사업자는 「소프트웨어 진흥법」 제46조에 따라 SW사업정보(사업 수행 및 실적 정보) 데이터를 작성하여 SW사업정보 저장소(www.spir.kr)에 제출하여야 한다. | H35: RFP | I35: 제논 | J35: SW사업 수행·실적 정보를 작성해 SW사업정보저장소에 제출 | Q35: 완료 | R35: 수용 | S35: 수용 | T35: 46246
E36: PMR-003-04-02 | G36: 데이터 작성 및 제출 세부사항은 www.spir.kr 자료실의 'SW사업정보 저장소 데이터 제출 안내' 문서를 따른다. | H36: RFP | I36: 제논 | J36: 데이터 작성 및 제출 세부사항은 www.spir.kr 자료실의 'SW사업정보 저장소 데이터 제출 안내' 문서를 준수 | Q36: 완료 | R36: 수용 | S36: 수용 | T36: 46246
E37: PMR-003-04-03 | G37: 1차 제출(계약 후 1개월 이내): 사업정보, 기능점수 정보(간이법) | H37: RFP | I37: 제논 | J37: 1차 제출(계약 후 1개월 이내): 사업정보, 기능점수 정보(간이법) | Q37: 완료 | R37: 수용 | S37: 수용 | T37: 46246
E38: PMR-003-04-04 | G38: 2차 제출(최종 검수 시): 사업정보, 수준조사 정보, 기능점수 정보(정 통법), 등록데이터 검증자료 | H38: RFP | I38: 제논 | J38: 2차 제출(최종 검수 시): 사업정보, 수준조사 정보, 기능점수 정보(정 통법), 등록데이터 검증자료 | Q38: 완료 | R38: 수용 | S38: 수용 | T38: 46246
E39: PMR-003-04-05 | G39: 기능점수 데이터의 신뢰성 확보를 위해 사업수행 인원 중 기능점수 산정 능력 보유자를 포함하여야 한다. | H39: RFP | I39: 제논 | J39: 기능점수 데이터의 신뢰성 확보를 위해 사업수행 인원 중 기능점수 산정 능력 보유자를 포함 | Q39: 완료 | R39: 수용 | S39: 수용 | T39: 46246
E40: PMR-003-05-01 | F40: [범정부 정보자원 현행화] | G40: 사업 완료 시 범정부 정보자원관리시스템(IRM) 또는 EA 시스템에 신규 구축·변경된 정보자원 내역을 등록하여야 한다. | H40: RFP | I40: 제논 | J40: 사업 완료 시 범정부 정보자원관리시스템(IRM) 또는 EA 시스템에 신규 구축·변경된 정보자원 내역을 등록 | Q40: 완료 | R40: 수용 | S40: 수용 | T40: 46246
A41: 프로젝트 관리 요구사항 | B41: PMR-004 | C41: 일정·위험 관리 및 개발방법론 | D41: 사업 추진일정·위험요소 관리 및 개발방법론 적용 방안 정의 | E41: PMR-004-01-01 | F41: [일정 관리] | G41: 사업자는 전체 및 세부 추진일정을 WBS(작업명세구조)로 수립하고, 공정 간 상호연계가 가능하도록 작성하여야 한다. | H41: RFP | I41: 제논 | J41: 전체·세부 추진일정을 WBS로 수립하고 공정 간 선후행·연계관계 관리 | L41: · 사업수행계획서(WBS, 개발방법론 적용 계획 포함) · 위험관리대장 | Q41: 완료 | R41: 수용 | S41: 수용 | T41: 46246
E42: PMR-004-01-02 | G42: 일정 계획에는 활동 도출, 기간 산정, 자원 할당의 적절성을 고려한 상세 일정을 포함하여야 한다. | H42: RFP | I42: 제논 | J42: 일정 계획에는 활동 도출, 기간 산정, 자원 할당의 적절성을 고려한 일정을 포함 | Q42: 완료 | R42: 수용 | S42: 수용 | T42: 46246
E43: PMR-004-01-03 | G43: 업무 진첩도 관리 방법·절차를 제시하고, 계획 대비 지연 발생 시 대응 방안을 포함하여야 한다. | H43: RFP | I43: 제논 | J43: 공정진척 관리 절차와 계획 대비 지연 대응방안 수립 | Q43: 완료 | R43: 수용 | S43: 수용 | T43: 46246
E44: PMR-004-01-04 | G44: 프로젝트 일정은 위원회의 요구가 있을 경우 구축기간 내에서 조정 할 수 있다. | H44: RFP | I44: 제논 | J44: 프로젝트 일정은 위원회의 요구가 있을 경우 구축기간 내에서 조정 가능 | Q44: 완료 | R44: 수용 | S44: 수용 | T44: 46246
E45: PMR-004-02-01 | F45: [개발방법론] | G45: 생성형 AI 플랫폼 구축 사업에 적합한 개발방법론을 제시하고 적용하여야 한다. | H45: RFP | I45: 제논 | J45: 생성형 AI 플랫폼 구축에 적합한 개발방법론 제시·적용 | Q45: 완료 | R45: 수용 | S45: 수용 | T45: 46246
E46: PMR-004-02-02 | G46: 각 단계별 활용 도구(분석·설계·개발·테스트 도구)와 기법의 적절성을 제시하여야 한다. | H46: RFP | I46: 제논 | J46: 각 단계별 활용 도구(분석·설계·개발·테스트 도구)와 기법의 적절성을 제시 | Q46: 완료 | R46: 수용 | S46: 수용 | T46: 46246
E47: PMR-004-02-03 | G47: 사업기간 중 요구사항 또는 과업 범위의 변경이 발생하는 경우 이를 유연하게 수용할 수 있는 변경관리 방안을 포함하여야 한다. | H47: RFP | I47: 제논 | J47: 사업기간 중 요구사항 또는 과업 범위의 변경이 발생하는 경우 이를 유연하게 수용할 수 있는 변경관리 방안을 포함 | Q47: 완료 | R47: 수용 | S47: 수용 | T47: 46246
E48: PMR-004-03-01 | F48: [위험 관리] | G48: 사업자는 사업 수행 시 발생 가능한 위험요소를 유형별(일정 지연, 품질 저하, 보안 사고, 요구사항 변경, 인력 이탈 등)로 식별하고, 영향도 및 발생 가능성을 분류하여 제시하여야 한다. | H48: RFP | I48: 제논 | J48: 일정·품질·보안·변경·인력이탈 위험을 식별하고 영향도·발생가능성 기준으로 등급화 | Q48: 완료 | R48: 수용 | S48: 수용 | T48: 46246
E49: PMR-004-03-02 | G49: 위험 유형별 예방 조치 및 발생 시 사후 대처 방안을 구체적으로 제시하여야 한다. 특히 생성형 AI 사업 특성을 고려하여 LLM 응답 품질 저하, GPU 자원 부족, RAG 파이프라인 장애, 모델 교체 시 호환성 이슈 등 AI 고유 위험에 대한 대응 방안을 포함하여야 한다. | H49: RFP | I49: 제논 | J49: LLM 품질·GPU 자원·RAG 장애·모델 호환성 등 AI 고유 위험의 예방·대응 방안 수립 | Q49: 완료 | R49: 수용 | S49: 수용 | T49: 46246
E50: PMR-004-03-03 | G50: 발생된 이슈·위험에 대해 지속적으로 추적·관리하고, 조치 결과를 주간/월간 보고에 포함하여야 한다. | H50: RFP | I50: 제논 | J50: 발생된 이슈·위험에 대해 지속적으로 추적·관리하고, 조치 결과를 주간/월간 보고에 포함 | Q50: 완료 | R50: 수용 | S50: 수용 | T50: 46246
E51: PMR-004-03-04 | G51: 긴급 이슈 발생 시 수시 보고 및 회의를 통해 즉시 대응하여야 한다. | H51: RFP | I51: 제논 | J51: 긴급 이슈 발생 시 수시 보고 및 회의를 통해 즉시 대응 | Q51: 완료 | R51: 수용 | S51: 수용 | T51: 46246
E52: PMR-004-03-05 | G52: AI 안전성 이행 납품물 및 보고를 하여야 하며, 착수 후 1개월 이 내 고영향 AI 해당 여부 검토 보고서 제출, ML모델 개발 완료 전 모델별 모델카드(AI 설명서) 납품, 검수 전 XAI 기능 실연 테스트 통과하여야 함 | H52: RFP | I52: PwC | J52: [Before] 고영향 AI 검토보고서·모델카드·XAI 실연 결과를 단계별 안전성 증적으로 제출 [After] 하기의 세가지 산출물에 대한 제출시점과 의견 정리 ① 고영향 AI 해당 여부 검토 보고서: 착수 후 1개월 이내 ▶ AI거버넌스 규정/지침이 만들어진 후, 소급해서 작성 및 제출 (※데이터마트가 9월말에나 생성되기때문에 마트가 만들어 진 후 1개월 이내로 고려중이며, 지침/규정 하에 결정된 위험평가기준에 따라 평가되므로 AI업무규정 및 지침이 신설되는 것을 전제로 함) ② 모델카드(AI 설명서): ML모델 개발 완료 전 ▶ 수용 ③ XAI 기능 실연 테스트: 검수 전 '통과 ▶ 통과에 대한 판정 기준에 대해서 추가 논의 필요하며, AI설명모델로 출력기준으로 제안 | K52: RFP에서는 AI 안전성 납품물의 제출 시기를 각각 특정하고 있으나 (① 고영향 AI 해당 여부 검토 보고서: 착수 후 1개월 이내 ② 모델카드(AI 설명서): ML모델 개발 완료 전 ③ XAI 기능 실연 테스트: 검수 전 '통과') 수행방안은 '단계별 안전성 증적으로 제출'로 요약되어 시기가 명시되지 않았고 XAI는 '통과'가 '실연 결과 제출'로 완화된 것으로 이해. 각 산출물의 제출 시점과 XAI 실연 테스트의 합격 판정 기준에 대한 추가 논의 필요 | Q52: 완료 | R52: 수용 | S52: 수용 | T52: 46255
A53: 프로젝트 관리 요구사항 | B53: PMR-005 | C53: 요구사항 관리 | D53: 요구사항의 추적 관리, 변경 통제 및 이행 확인 절차 정의 | E53: PMR-005-01-01 | F53: [요구사항 추적 관리] | G53: 사업자는 기능/비기능 요구사항을 빠짐없이 관리하고, 각 요구사항이 분석·설계·구현·테스트 단계의 산출물에 어떻게 반영되었는지 확인할 수 있도록 추적 관리하여야 한다. | H53: RFP | I53: 제논 | J53: 기능·비기능 요구사항을 분석→설계→구현→테스트 산출물까지 추적 관리 | L53: · 사업수행계획서(위험관리 계획 포함) · 위험관리대장 | Q53: 완료 | R53: 수용 | S53: 수용 | T53: 46246
E54: PMR-005-01-02 | G54: 요구사항 추적표를 작성하여 사업 기간 동안 지속적으로 갱신·관리 하여야 한다. | H54: RFP | I54: 제논 | J54: 요구사항 추적표를 작성·사업 기간 동안 지속적으로 갱신·관리 | Q54: 완료 | R54: 수용 | S54: 수용 | T54: 46246
E55: PMR-005-02-01 | F55: [변경 관리] | G55: 사업 수행 중 요구사항 변경이 발생할 경우 변경관리 절차(변경 요청 설명 세부내용 →영향 분석→승인→반영→검증)를 통해 정식 승인을 획득한 후 반영 하여야 한다. | H55: RFP | I55: 제논 | J55: 요구변경 요청→영향분석→승인→반영→검증 절차 적용 | Q55: 완료 | R55: 수용 | S55: 수용 | T55: 46246
E56: PMR-005-02-02 | G56: 초기 협의된 요구사항에서 변경관리 절차를 통해 승인된 요구사항을 최종 베이스라인으로 간주한다. | H56: RFP | I56: 제논 | J56: 초기 협의된 요구사항에서 변경관리 절차를 통해 승인된 요구사항을 최종 베이스라인으로 간주 | Q56: 완료 | R56: 수용 | S56: 수용 | T56: 46246
E57: PMR-005-03-01 | F57: [이행 확인] | G57: 제공이 확정된 요구사항의 이행 여부는 테스트 및 검증 활동을 통해 확인하며, 예상된 결과가 도출되었을 경우 요구사항을 충족한 것으로 평가한다. | H57: RFP | I57: 제논 | J57: 테스트·검증 결과로 요구사항 이행 여부 확인 및 충족 판정 | Q57: 완료 | R57: 수용 | S57: 수용 | T57: 46246
A58: 프로젝트 관리 요구사항 | B58: PMR-006 | C58: 위원회 사전 서면 승인, 기술지원, 인수인계 등 관련 | D58: 위원회 사전 서면 승인, 기술지원, 인수인계 등 관련 | E58: PMR-006-01-01 | F58: 위원회 사전 서면 승인, 기술지원, 인수인계 등 관련 | G58: - 주요 아키텍처 변경은 위원회 사전 서면 승인 사항으로 함 - 수집·임베딩·검색·재색인 로직은 표준 프레임워크 기반으로 모듈화 - 모든 핵심 설정값은 코드와 함께 Git 저장소에서 관리하고 문서화 (한글 주석 포함) - 운영 전환 전 위원회 검수용 스테이징 환경을 운영과 동등 사양으로 별도 제공 - 운영자 권한 및 라이선스 소유권은 위원회(위원회)에 귀속하며, 사업자는 계약 기간 내 기술지원만 제공 - 장애 대응·백업·복구·재색인은 위원회 운영 인력이 단독 수행 가능한 수준으로 인수인계 - 벡터 DB·RDB는 위원회가 전용 API 학습 없이 직접 조회·수정·백업할 수 있는 관리 콘솔 제공 - 계약 종료 시 데이터 이관·삭제·검증 절차를 별도 Exit Plan으로 제출 - 평가 지표는 상담 적합도, 출처 제시, 최신성, 재현성을 우선하되 정확도를 하한 기준으로 병행 관리 - RAG 응답은 내부 규정·FAQ·사례와 연결된 근거를 반드시 표시 - 미답변·불확실 응답은 직원 전환 경로로 연결 - 신규 규정 추가 시 재학습 없이 지식베이스 갱신만으로도 반영 가능해야 함 | H58: 기술협상서 | I58: 제논 | J58: [Before] - 주요 아키텍처 변경은 위원회 사전 서면 승인 후 진행 - 수집과 임베딩, 검색, 재색인 로직을 표준 프레임워크 기반으로 모듈화하겠음 - 핵심 설정값을 코드와 함께 Git 저장소에서 관리하고 한글 주석을 포함해 문서화하겠음 - 운영 전환 전 위원회 검수용 스테이징 환경을 쿠버네티스 namespace 분리로 제공(운영 HW리소스가 충분하지 않아서 최소 구성해야함) - 운영자 권한과 라이선스 소유권은 라이선스 계약 내용에 따라 위원회에 귀속 - 장애 대응과 백업, 복구, 재색인을 위원회 운영 인력이 단독 수행 가능한 수준으로 인수인계 - 벡터 DB와 RDB를 전용 API 학습 없이 직접 조회하고 수정, 백업할 수 있는 관리 콘솔 제공 - 계약 종료 시 데이터 이관과 삭제, 검증 절차를 별도 Exit Plan으로 제출 - 어시스턴트 및 ML 모델에 적합한 평가 지표를 사전 고객과 협의하고 성능 품질 목표를 수립하여 측정 및 공유 예정 - 답변 출처 확인할 수 있는 UI 구성 예정 - 답변을 위한 정보 불충분 시 추가 정보 요청 및 담당 직원 안내 로직 구현 예정 - VDB 인덱스 추가로 대처할 수 있도록 설계 예정 [After] - 주요 아키텍처 변경은 위원회 사전 서면 승인 후 진행 - 수집과 임베딩, 검색, 재색인 로직을 표준 프레임워크 기반으로 모듈화하겠음 - 핵심 설정값을 코드와 함께 Git 저장소에서 관리하고 한글 주석을 포함해 문서화하겠음 - 운영 전환 전 위원회 검수용 스테이징 환경을 쿠버네티스 namespace 분리로 제공(운영 HW리소스가 충분하지 않아서 최소 구성해야함) - 운영자 권한과 라이선스 소유권은 라이선스 계약 내용에 따라 위원회에 귀속 - 장애 대응과 백업, 복구, 재색인을 위원회 운영 인력이 단독 수행 가능한 수준으로 인수인계 - 벡터 DB와 RDB를 전용 API 학습 없이 직접 조회하고 수정, 백업할 수 있는 관리 콘솔 제공 - 계약 종료 시 데이터 이관과 삭제, 검증 절차를 별도 Exit Plan으로 제출 - 어시스턴트 및 ML 모델에 적합한 평가 지표를 사전 고객과 협의하고 성능 품질 목표를 수립하여 측정 및 공유 예정 - 모든 RAG 응답에 내부 규정·FAQ·사례와 연결된 문서명·페이지·조항 등 근거를 필수 표시 - 근거가 없거나 임계값 미만이면 답변을 제한하고 추가 확인 또는 담당자 전환 경로를 제공하며, UI와 품질 테스트 케이스로 검증 - VDB 인덱스 추가로 대처할 수 있도록 설계 예정 | K58: G열은 'RAG 응답은 내부 규정·FAQ·사례와 연결된 근거를 반드시 표시'를 요구하나, 수행방안은 '답변 출처 확인할 수 있는 UI 구성 예정'으로 다소 완화된 표현으로 이해됨. 근거 연결 대상과 필수 표시 여부는 매우 중요한 부분으로 판단. | Q58: 완료 | R58: 수용 | S58: 수용 | T58: 46255
A59: 프로젝트 관리 요구사항 | B59: PMR-007 | C59: 기타 위에서 정하지 아니한 사항 | D59: 기타 위에서 정하지 아니한 사항 | E59: PMR-007-01-01 | F59: 기타 위에서 정하지 아니한 사항 | G59: - 본 기술협상서에 명시된 사항은 제안서에 우선한다. - 본 기술협상서에 별도로 정하지 않은 사항은 제안요청서(RFP)의 요구사항을 따르며, 사업자는 이를 본 사업의 구축 범위로 이행한다. - 문서 간 해석상 상충이 있는 경우 적용 ①기술협상서 ②제안요청서 ③제안서, ④기술협상 회의록에 따른다 위원회의 요청은 RFP에 명시된 요구사항의 이행 방식을 구체화하는 범위 내에서 적용한다. - 본 협상서 각 항목의 수용여부란에 사업자가 명시적으로 수용을 기재하고 서명한 것에 한하여 합의로 본다. 공란 또는 미기재는 합의로 간주하지 아니하며, 조건부 수용은 기재된 조건이 위원회 승인을 얻은 경우에 한하여 효력을 갖는다. | H59: 기술협상서 | I59: 제논 | J59: - 본 기술협상서에 명시된 사항은 제안서에 우선하여 적용 - 본 기술협상서에 별도로 정하지 않은 사항은 제안요청서(RFP)의 요구사항을 따르며, 이를 본 사업의 구축 범위로 이행함 - 문서 간 해석상 상충이 있는 경우 적용 ①기술협상서 ②제안요청서 ③제안서, ④기술협상 회의록에 따름. 위원회의 요청은 RFP에 명시된 요구사항의 이행 방식을 구체화하는 범위 내에서 적용 - 본 협상서 각 항목의 수용여부란에 사업자가 명시적으로 수용을 기재하고 서명한 것에 한하여 합의로 보며, 공란 또는 미기재는 합의로 간주하지 아니함. 조건부 수용은 기재된 조건이 위원회 승인을 얻은 경우에 한하여 효력을 갖으며 이행함 | Q59: 완료 | R59: 수용 | S59: 수용 | T59: 46246

Sheet 프로젝트지원
A1: 요구사항정의서-비기능
A2: 사업명 | D2: 신용회복위원회 통합 AI 플랫폼 구축 사업 | H2: 업무 구분 | K2: 프로젝트 지원 요구사항 | P2: 작성자 | S2: 김현근
A3: 단계 | D3: 요구분석, 설계, 구현, 테스트, 전개 | H3: 작성일자 | K3: 2026.08.24 | P3: 버전 | S3: v.0.999
A5: 요구사항 분류 | B5: 요구사항 고유번호 | C5: 요구사항 명 | D5: 정의 | E5: 상세요구사항ID | F5: 상세요구사항명 | G5: 상세요구사항 설명 | H5: 요구사항 출처 | I5: 담당 수행사 | J5: 제약사항 및 처리(수행)방안 | K5: 위원회 검토 의견(26.8.12.) | L5: 산출정보(RFP 기준) | M5: 산출물(방법론 테일러링 결과서) | N5: 요구사항 상태 | O5: 중요도 | P5: 담당자 | Q5: 완료여부 | R5: 수행사 수용 여부 | S5: 위원회 수용 여부 | T5: 비고(변경처리내역 등)
A6: 프로젝트 지원 요구사항 | B6: PSR-001 | C6: 교육훈련 및 기술이전 | D6: 역할별 교육과정 및 기술이전·운영역량 내재화로 개시 후 자체운영 지원 | E6: PSR-001-01-01 | F6: [교육 계획 수립] | G6: 사업자는 시범운영 개시 2주 전까지 교육훈련계획서를 위원회에 제출 하고 승인을 득하여야 한다. | H6: RFP | I6: 제논 | J6: 시범운영 개시 2주 전까지 교육훈련계획서를 위원회 제출·승인 | L6: · 교육훈련계획서 · 교육 결과서 · 사용자 매뉴얼 (관리자용·일반사용자용) · MLOps 운영 Runbook · 기술이전 계획서 · 기술이전 결과서 (인수인계 체크리스트 포함) | Q6: 완료 | R6: 수용 | S6: 수용 | T6: 46246
E7: PSR-001-01-02 | G7: 교육계획서에는 교육 목적·대상·일정·강사·교재·일반사용자 자율 교육용 자료 제공 계획을 포함하여야 한다. | H7: RFP | I7: 제논 | J7: 교육 목적·대상·일정·강사·교재·일반사용자 자율학습 자료 제공계획을 교육훈련계획서에 반영 | Q7: 완료 | R7: 수용 | S7: 수용 | T7: 46246
E8: PSR-001-02-01 | F8: [역할별 교육 과정] | G8: 사업자의 공식 교육 대상은 관리자(시스템 운영자)로 한정한다. | H8: RFP | I8: 제논 | J8: 사업자의 공식 교육 대상은 관리자(시스템 운영자)로 한정 | Q8: 완료 | R8: 수용 | S8: 수용 | T8: 46246
E9: PSR-001-02-02 | G9: 일반사용자 교육은 교육받은 관리자가 자체적으로 수행하며, 사업자는 이를 위한 교육 자료 일체를 제공하는 것으로 역할을 한정한다. (프롬프트 라이브러리 활용 가이드, 피드백 방법 안내 등) | H9: RFP | I9: 제논 | J9: 관리자 교육 후 일반사용자 자체교육이 가능하도록 프롬프트·피드백 활용자료 일체 제공 | Q9: 완료 | R9: 수용 | S9: 수용 | T9: 46246
E10: PSR-001-02-03 | G10: 교육시간 및 횟수는 위원회와 협의하여 확정한다. | H10: RFP | I10: 제논 | J10: 교육시간 및 횟수는 위원회 협의 후 확정 | Q10: 완료 | R10: 수용 | S10: 수용 | T10: 46246
E11: PSR-001-02-04 | G11: 관리자 교육 커리큘럼은 다음 항목을 포함하여야 한다. · RAG 파이프라인 운영(문서 등록·청킹·인덱싱·벡터DB 관리) · 프롬프트 관리 및 정책 변경 승인 워크플로 · 모델 등록·교체·롤백 절차 · 보안 가드레일 설정 및 감사 로그 조회 · 품질 모니터링 대시보드 활용 및 골든셋 평가 · 모델 성능 지표(정확도, 응답 품질, 지연시간 등) 모니터링 및 이상 징후 판단 기준 · 데이터 드리프트·개념 드리프트 발생 여부 확인 및 재학습 트리거 판단 절차 · 골든셋 갱신 기준 및 평가 결과 해석·활용 방법 · 임베딩 모델·LLM 버전 변경 시 영향 범위 검토 및 롤백 절차 · 지식화 파이프라인 실행 이력 조회 및 오류 재처리 절차 · 벡터 인덱스 최적화(재색인·압축) 실행 시점 판단 및 수동 실행 방법 · MLOps 운영 실무 | H11: RFP | I11: 제논 | J11: RAG·프롬프트·모델·보안·품질·드리프트·인덱스·MLOps 운영을 포함한 관리자 실습형 커리큘럼 구성 | Q11: 완료 | R11: 수용 | S11: 수용 | T11: 46246
E12: PSR-001-03-01 | F12: [교육 실시 및 횟수] | G12: 사업 기간 중 관리자 대상 교육을 최소 2회(중간·완료 단계) 실시하여야 한다. | H12: RFP | I12: 제논 | J12: 사업 기간 중 관리자 대상 교육을 최소 2회(중간·완료 단계) 실시 | Q12: 완료 | R12: 수용 | S12: 수용 | T12: 46246
E13: PSR-001-03-02 | G13: 사업 완료 전 위원회 운영 담당자를 대상으로 MLOps 운영 인수인계 교육을 시스템 조작 교육과 분리하여 별도 실시하여야 한다. 인수인계 교육에는 다음 항목을 포함하여야 한다: · 운영 환경 구성(모델 서버, 파이프라인, 벡터 DB) 전체 아키텍처 설명 · 정기 점검 항목 및 주기(일별·주별·월별) 체크리스트 전달 · 장애 유형별 초동 대응 절차 및 에스컬레이션 기준 · 모델·프롬프트·데이터 변경 이력 관리 방법 및 감사 로그 활용 · 운영 중 성능 저하 발생 시 원인 분석 및 조치 흐름(Runbook 기반) | H13: RFP | I13: 제논 | J13: 아키텍처·정기점검·장애대응·변경이력·성능저하 조치를 포함한 MLOps 인수인계 교육 별도 실시 | Q13: 완료 | R13: 수용 | S13: 수용 | T13: 46246
E14: PSR-001-03-03 | G14: 인수인계 교육 결과는 서면으로 위원회에 제출하고 확인을 득하여야 한다. | H14: RFP | I14: 제논 | J14: 인수인계 교육결과를 서면 제출하고 위원회 확인 획득 | Q14: 완료 | R14: 수용 | S14: 수용 | T14: 46246
E15: PSR-001-04-01 | F15: [교육 자료 제공] | G15: 관리자 매뉴얼 및 일반사용자 자율 교육용 자료를 각각 제작·제공하여야 한다. 일반사용자용 자료는 관리자가 부서 내 교육에 즉시 활용 가능한 수준으로 작성하여야 한다. | H15: RFP | I15: 제논 | J15: 관리자 매뉴얼 및 일반사용자 자율 교육용 자료를 각각 제작·제공 | Q15: 완료 | R15: 수용 | S15: 수용 | T15: 46246
E16: PSR-001-04-02 | G16: 교육 교재는 신규 인력 교육 및 순환보직 인수인계에 활용 가능하 도록 작성하여야 한다. | H16: RFP | I16: 제논 | J16: 신규인력 교육·순환보직 인수인계에 즉시 활용 가능한 교재 작성 | Q16: 완료 | R16: 수용 | S16: 수용 | T16: 46246
E17: PSR-001-04-03 | G17: MLOps 운영 Runbook을 별도 문서로 작성·제공하여야 한다. Runbook에는 정기 점검, 장애 대응, 모델 교체·롤백, 재학습 트리 거 판단, 파이프라인 오류 처리 절차를 포함하여야 한다. | H17: RFP | I17: 제논 | J17: 정기점검·장애대응·모델 교체/롤백·재학습 판단·파이프라인 오류처리 Runbook 제공 | Q17: 완료 | R17: 수용 | S17: 수용 | T17: 46246
E18: PSR-001-04-04 | G18: 교육에 소요되는 교재 및 경비는 사업자가 부담한다. | H18: RFP | I18: 제논 | J18: 교육에 소요되는 교재 및 경비는 사업자가 부담 | Q18: 완료 | R18: 수용 | S18: 수용 | T18: 46246
E19: PSR-001-05-01 | F19: [기술이전 범위 및 방법] | G19: 기술이전 대상 목록과 방법(교육, 매뉴얼, 기술자료 제공)을 명확히 제시하여야 한다. | H19: RFP | I19: 제논 | J19: 기술이전 대상 목록과 방법(교육, 매뉴얼, 기술자료 제공)을 명확히 제시 | Q19: 완료 | R19: 수용 | S19: 수용 | T19: 46246
E20: PSR-001-05-02 | G20: 기술이전 범위는 다음을 포함하여야 한다: · 시스템 아키텍처(인프라 구성, 네트워크, 컨테이너 오케스트레이션) · RAG 파이프라인 전체(문서파싱→청킹→승인→인덱싱→벡터DB→검색→생성) · LLM 모델 등록·교체·롤백 절차 및 최적 파라미터 설정 · 운영 절차(일상점검, 정기점검, 배치작업 관리) · 장애 대응 방법(유형별 장애 대처, 비상 복구, 백업/복구 절차) · GPU 자원 관리 및 모니터링 · MLOps 운영 기초(모델 성능 모니터링, 재학습 트리거 판단, 파이프라인 이력 관리 등) | H20: RFP | I20: 제논 | J20: 아키텍처·RAG·LLM·운영·장애·GPU·MLOps 전 영역을 매뉴얼과 실습으로 기술이전 | Q20: 완료 | R20: 수용 | S20: 수용 | T20: 46246
E21: PSR-001-05-03 | G21: 사업추진 과정에서 생산된 모든 문서, 산출물, 매뉴얼, 적용기술이 체계적으로 이전되었음을 운영담당자로부터 확인받아야 한다. | H21: RFP | I21: 제논 | J21: 문서·산출물·매뉴얼·적용기술 이전 완료 여부를 운영담당자 확인으로 종료 | Q21: 완료 | R21: 수용 | S21: 수용 | T21: 46246
E22: PSR-001-06-01 | F22: [비개발자 운영 환경 정의] | G22: 프로그래밍 지식 없이도 관리자가 Web 기반 관리 UI를 통해 자체 운영할 수 있는 범위를 명확히 정의하여야 한다. | H22: RFP | I22: 제논 | J22: 프로그래밍 지식 없이도 관리자가 Web 기반 관리 UI를 통해 자체 운영할 수 있는 범위를 명확히 정의 | Q22: 완료 | R22: 수용 | S22: 수용 | T22: 46246
E23: PSR-001-06-02 | G23: Web 기반 관리 UI에서 수행 가능해야 하는 기능 범위는 각 SFR 요구사항에서 정의한 관리자 기능을 따르며, 최소한 다음 영역을 포함하여야 한다: · 데이터·지식 관리(문서 등록, 청크 검수, 인덱싱 설정, 용어사전 관리 등) · 검색·생성 파라미터(검색 가중치, 컨텍스트 압축, Grounding 정책 등) · 모델·자원 관리(LLM 설정, 모델 라우팅, GPU Quota 등) · 프롬프트·에이전트 거버넌스(프롬프트 버전관리, 승인·배포 등) · 보안·정책·감사(가드레일, 비식별화, 권한, 보관정책 등) · 품질·평가·운영(골든셋, 대시보드, 정책변경 워크플로 등) | H23: RFP | I23: 제논 | J23: 데이터·검색·모델·프롬프트·보안·품질 운영 기능을 Web 관리 UI에서 비개발자가 수행하도록 구성 | Q23: 완료 | R23: 수용 | S23: 수용 | T23: 46246
E24: PSR-001-07-01 | F24: [순환보직 대응] | G24: 담당자 변경 시 활용할 수 있는 인수인계 체크리스트 및 절차서를 제공하여야 한다. 체크리스트에는 MLOps 운영 관련 항목(모델 버전 현황, 골든셋 상태, 파이프라인 이상 여부 등)을 포함하여야 한다. | H24: RFP | I24: 제논 | J24: 모델버전·골든셋·파이프라인 상태를 포함한 담당자 변경 인수인계 체크리스트 제공 | Q24: 완료 | R24: 수용 | S24: 수용 | T24: 46246
E25: PSR-001-07-02 | G25: 자주 묻는 운영 질문(FAQ)을 정리하여 제공하여야 한다. | H25: RFP | I25: 제논 | J25: 자주 묻는 운영 질문(FAQ)을 정리하여 제공 | Q25: 완료 | R25: 수용 | S25: 수용 | T25: 46246
E26: PSR-001-08-01 | F26: [지속적 기술 지원] | G26: 사업자는 시스템 개발 중이나 개발 후에 관련 분야 최신 정보기술 에 대한 지속적인 정보 제공에 응하여야 한다. 위원회가 향후 기능 보완을 하고자 할 경우 필요한 기술 사항을 지원하여야 한다. | H26: RFP | I26: 제논 | J26: 최신 정보기술 동향을 지속 공유하고 향후 기능보완에 필요한 기술자문 지원 | Q26: 완료 | R26: 수용 | S26: 수용 | T26: 46246
E27: PSR-001-08-02 | G27: 정부 표준 모델 도입 등 모델 교체 시나리오에 대한 절차서를 제공 하여야 한다. | H27: RFP | I27: 제논 | J27: 정부 표준 모델 도입 등 모델 교체 시나리오에 대한 절차서를 제공 | Q27: 완료 | R27: 수용 | S27: 수용 | T27: 46246
A28: 프로젝트 지원 요구사항 | B28: PSR-002 | C28: 시스템 안정화 및 하자보수 | D28: 서비스 개시 후 안정화 활동, 장애 대응, 하자보수 및 유지관리 체계 정의 | E28: PSR-002-01-01 | F28: [안정화 기간 및 활동] | G28: 시스템 서비스 개시 이후 안정화 기간을 위원회와 상호 협의하여 결정한다(최소 1개월 이상 권고). | H28: RFP | I28: 제논 | J28: 서비스 개시 이후 안정화 기간을 위원회 협의로 확정(최소 1개월 이상 권고) | L28: · 안정화 수행 결과 보고서 · 장애 대응 보고서 (장애 발생 시) · SLA 정의서 · 하자보수 지원계획서 · 하자보증확약서 · 시스템 유지관리 방안 (대상·방식·SLA·비용 산정 포함) | Q28: 완료 | R28: 수용 | S28: 수용 | T28: 46246
E29: PSR-002-01-02 | G29: 안정화 기간 동안 다음 활동을 수행하여야 한다: · 시스템 상태 모니터링 및 기록(GPU 사용률, 응답시간, 오류율) · 예방점검(벡터DB 인덱스 상태, 모델 추론 성능, 디스크 사용량) · 비상 연락 체계 가동 · 품질 모니터링 대시보드 기반 이상징후 추적 | H29: RFP | I29: 제논 | J29: 안정화 기간 GPU·응답·오류 모니터링, 벡터DB·모델·디스크 예방점검, 비상연락체계 운영 | Q29: 완료 | R29: 수용 | S29: 수용 | T29: 46246
E30: PSR-002-01-03 | G30: 안정화 기간 동안 파트별 최소 1명의 기술 인력이 상주하여 지원하여야 한다. | H30: RFP | I30: 제논 | J30: 안정화 기간 동안 파트별 최소 1명의 기술 인력이 상주하여 지원 | Q30: 완료 | R30: 수용 | S30: 수용 | T30: 46246
E31: PSR-002-02-01 | F31: [상시 모니터링 및 사전 경보 체계] | G31: 시스템 주요 구성요소(웹 서버, API 서버, 벡터 DB, LLM 서비스 등)에 대한 상시 모니터링 체계를 운영하여야 한다. | H31: RFP | I31: 제논 | J31: 시스템 주요 구성요소(웹 서버, API 서버, 벡터 DB, LLM 서비스 등)에 대한 상시 모니터링 체계를 운영 | Q31: 완료 | R31: 수용 | S31: 수용 | T31: 46246
E32: PSR-002-02-02 | G32: 장애 징후 감지 시 사전 경보가 가능하도록 임계치 기반 알림 체계를 구성하여야 한다. | H32: RFP | I32: 제논 | J32: 장애 징후 감지 시 사전 경보가 가능하도록 임계치 기반 알림 체계를 구성 | Q32: 완료 | R32: 수용 | S32: 수용 | T32: 46246
E33: PSR-002-03-01 | F33: [장애 유형별 대응 체계] | G33: 발생 가능한 장애 요소를 유형별로 구분하여 제시하고, 유형별 대응 방안을 문서로 제출하여야 한다. · GPU 장애(메모리 오류, 과열, Failover) · LLM 추론 장애(응답 지연, 모델 로딩 실패) · 벡터DB 장애(인덱스 손상, 클러스터 노드 탈락) · RAG 파이프라인 장애(파싱 실패, 인덱싱 지연) · SSO 인증 장애 | H33: RFP | I33: 제논 | J33: 장애유형별 원인·영향·대응방안을 정의해 장애대응 문서로 제출 | Q33: 완료 | R33: 수용 | S33: 수용 | T33: 46246
E34: PSR-002-03-02 | G34: 사업자는 장애 발생에 대한 처리 및 시스템의 정상적 운영을 위한 지원을 하여야 한다. | H34: RFP | I34: 제논 | J34: 장애 발생에 대한 처리 및 시스템의 정상적 운영을 위한 지원을 | Q34: 완료 | R34: 수용 | S34: 수용 | T34: 46246
E35: PSR-002-03-03 | G35: 장애 발생 시 원인분석 및 복구 등 즉각 조치가 가능하도록 기술지원 부서 및 전문 인력을 확보하여 항시 운영 가능하도록 하여야 한다. | H35: RFP | I35: 제논 | J35: 장애 발생 시 원인분석 및 복구 등 즉각 조치가 가능하도록 기술지원 부서 및 전문 인력을 확보하여 항시 운영 가능하도록 | Q35: 완료 | R35: 수용 | S35: 수용 | T35: 46246
E36: PSR-002-03-04 | G36: 장애 통보 후 원격 또는 현장방문으로 4시간 이내에 1차 조치가 되어야 한다. | H36: RFP | I36: 제논 | J36: 장애 통보 후 원격 또는 현장방문으로 4시간 이내에 1차 조치가 | Q36: 완료 | R36: 수용 | S36: 수용 | T36: 46246
E37: PSR-002-03-05 | G37: 장애 등급에 따른 대응 시간(인지→조치 착수→복구 완료) 기준을 준수하여야 하며, 장애 등급별 세부 시간 기준은 기술협상 시 확정한다. | H37: RFP | I37: 제논 | J37: [Before] 장애등급별 인지→조치→복구 기준 준수, 세부 대응시간은 별도 협의·확정 [After] 장애 등급에 따른 대응 시간(인지→조치 착수→복구 완료) 기준 및 장애 등급별 세부 시간 기준은 기술협상에 따름 | K37: RTO는 기술협상 별첨자료에 따름을 기재 요청 | Q37: 완료 | R37: 수용 | S37: 수용 | T37: 46255
E38: PSR-002-03-06 | G38: 장애 원인 분석, 재발 방지 대책을 수립하고 장애 보고서를 제출하여야 한다. | H38: RFP | I38: 제논 | J38: 장애 원인 분석, 재발 방지 대책을 수립·장애 보고서를 제출 | Q38: 완료 | R38: 수용 | S38: 수용 | T38: 46246
E39: PSR-002-04-01 | F39: [서비스 수준 및 점검 체계] | G39: 장애 대응시간, 복구시간 등 서비스 수준(SLA)을 정의하여야 한다. 구체적인 SLA 항목 및 기준은 사업자 제안 및 기술협상을 통해 확정한다. | H39: RFP | I39: 제논 | J39: [Before] 장애 대응·복구시간 SLA 정의, 세부 기준은 별도 협의·확정 [After] 장애 대응시간, 복구시간 등 서비스 수준(SLA) 및 구체적인 SLA 항목과 기준은 기술협상에 따름 | K39: RTO는 기술협상 별첨자료에 따름을 기재 요청 | Q39: 완료 | R39: 수용 | S39: 수용 | T39: 46255
E40: PSR-002-04-02 | G40: 정기 점검, 예방 점검, 성능 점검 체계를 포함하여야 한다. | H40: RFP | I40: 제논 | J40: 정기 점검, 예방 점검, 성능 점검 체계를 포함 | Q40: 완료 | R40: 수용 | S40: 수용 | T40: 46246
E41: PSR-002-04-03 | G41: 서비스 가용성 및 안정성 확보 방안을 제시하여야 한다. | H41: RFP | I41: 제논 | J41: 서비스 가용성 및 안정성 확보 방안 제시 | Q41: 완료 | R41: 수용 | S41: 수용 | T41: 46246
E42: PSR-002-04-04 | G42: SLA 미달 시 대응 방안을 포함하여야 한다. | H42: RFP | I42: 제논 | J42: SLA 미달 시 대응 방안을 포함 | Q42: 완료 | R42: 수용 | S42: 수용 | T42: 46246
E43: PSR-002-05-01 | F43: [시스템 연속성 보장] | G43: 백업 및 복구 방안을 문서화하여 산출물로 제시하여야 한다. | H43: RFP | I43: 제논 | J43: 백업 및 복구 방안을 문서화하여 산출물로 제시 | Q43: 완료 | R43: 수용 | S43: 수용 | T43: 46246
E44: PSR-002-05-02 | G44: 벡터DB 자동백업(일 1회 이상), PITR 복구, 모델 파일 백업 절차를 포함하여야 한다. | H44: RFP | I44: 제논 | J44: 벡터DB 자동백업(일 1회 이상), PITR 복구, 모델 파일 백업 절차를 포함 | Q44: 완료 | R44: 수용 | S44: 수용 | T44: 46246
E45: PSR-002-05-03 | G45: 시스템 연속성 보장 및 장애 발생 대응 계획서를 사업 종료 시 완료 보고서에 포함하여 제출하여야 한다. | H45: RFP | I45: 제논 | J45: 시스템 연속성 보장 및 장애 발생 대응 계획서를 사업 종료 시 완료 보고서에 포함하여 제출 | Q45: 완료 | R45: 수용 | S45: 수용 | T45: 46246
E46: PSR-002-06-01 | F46: [하자보수 기간 및 범위] | G46: 사업자는 최종검수 완료일로부터 1년간 무상 하자보수를 실시하여야 한다. | H46: RFP | I46: 제논 | J46: 최종검수 완료일로부터 1년간 무상 하자보수를 실시 | Q46: 완료 | R46: 수용 | S46: 수용 | T46: 46246
E47: PSR-002-06-02 | G47: 하자보수 범위는 다음을 포함한다: · 응용 소프트웨어(플랫폼 전체, AI Agent, 관리자 콘솔) · 도입 하드웨어(GPU 서버, 벡터DB 서버 등) · 도입 상용 소프트웨어(HWP 변환 엔진, SSO Agent, 워크플로 스케줄러 등) · 오픈소스 소프트웨어(벡터DB, LLM 프레임워크 등) | H47: RFP | I47: 제논 | J47: 플랫폼·Agent·관리자콘솔·도입 H/W·상용SW·오픈소스를 1년 무상 하자보수 범위에 포함 | Q47: 완료 | R47: 수용 | S47: 수용 | T47: 46246
E48: PSR-002-06-03 | G48: 하자보수 범위를 초과하여 유상으로 처리되는 유지보수 사항에 대해서는 대상범위와 유상처리 기준을 명확하게 제시하여야 한다. | H48: RFP | I48: 제논 | J48: 유상 유지보수 대상범위·처리기준을 무상 하자보수 범위와 구분해 제시 | Q48: 완료 | R48: 수용 | S48: 수용 | T48: 46246
E49: PSR-002-07-01 | F49: [하자보수 지원 체계] | G49: 하자보수 기간 중 시스템 장애 또는 중대한 결함이 발생하는 경우 문제 해결 시까지 필요한 인력을 투입하여 조치하여야 한다. | H49: RFP | I49: 제논 | J49: 하자보수 기간 중 시스템 장애 또는 중대한 결함이 발생하는 경우 문제 해결 시까지 필요한 인력을 투입하여 조치 | Q49: 완료 | R49: 수용 | S49: 수용 | T49: 46246
E50: PSR-002-07-02 | G50: 하자보수 지원방안에 지원 범위, 지원 방법, 비상연락 체계를 포함 하여 제시하여야 한다. | H50: RFP | I50: 제논 | J50: 하자보수 지원방안에 지원 범위, 지원 방법, 비상연락 체계를 포함 하여 제시 | Q50: 완료 | R50: 수용 | S50: 수용 | T50: 46246
E51: PSR-002-07-03 | G51: 긴급 수리, 성능 개선 지원 및 방문 지원관리 서비스를 제공하여야 한다. | H51: RFP | I51: 제논 | J51: 긴급 수리, 성능 개선 지원 및 방문 지원관리 서비스를 제공 | Q51: 완료 | R51: 수용 | S51: 수용 | T51: 46246
E52: PSR-002-07-04 | G52: 하자보수 기간 중 OS 및 각종 S/W의 보안 패치를 무상으로 제공 하여야 한다. | H52: RFP | I52: 제논 | J52: 하자보수 기간 중 OS 및 각종 S/W의 보안 패치를 무상으로 제공 | Q52: 완료 | R52: 수용 | S52: 수용 | T52: 46246
E53: PSR-002-08-01 | F53: [H/W·S/W 품질 보증] | G53: 신규 도입되는 S/W 및 H/W는 기술지원과 부품공급을 최소 5년 이상 보장할 수 있어야 한다. | H53: RFP | I53: 제논 | J53: 신규 도입되는 S/W 및 H/W는 기술지원과 부품공급을 최소 5년 이상 보장 가능 | Q53: 완료 | R53: 수용 | S53: 수용 | T53: 46246
E54: PSR-002-08-02 | G54: 공급되는 장비 및 부품의 생산 중단 시 최소 3개월 전에 서면으로 통보하고, 예비부품 사전확보 및 대체품 지속운용 대책을 강구하여야 한다. | H54: RFP | I54: 제논 | J54: 공급되는 장비 및 부품의 생산 중단 시 최소 3개월 전에 서면으로 통보하고, 예비부품 사전확보 및 대체품 지속운용 대책을 강구 | Q54: 완료 | R54: 수용 | S54: 수용 | T54: 46246
E55: PSR-002-08-03 | G55: 사업 종료 시 하자보증확약서를 제출해야 하며, 하자보증 이행으로 발생하는 모든 비용은 사업자가 부담하여야 한다. | H55: RFP | I55: 제논 | J55: 사업 종료 시 하자보증확약서를 제출·하자보증 이행으로 발생하는 모든 비용은 사업자가 부담 | Q55: 완료 | R55: 수용 | S55: 수용 | T55: 46246
E56: PSR-002-09-01 | F56: [유지관리 정책] | G56: 하자보수 기간 종료 후 유지관리 대상, 방식, 비용 산정 방식을 제시 하여야 한다. | H56: RFP | I56: 제논 | J56: 하자보수 기간 종료 후 유지관리 대상, 방식, 비용 산정 방식을 제시 | Q56: 완료 | R56: 수용 | S56: 수용 | T56: 46246
E57: PSR-002-09-02 | G57: 유지관리 범위(인프라/응용프로그램/데이터)와 SLA 항목 및 지표를 정의하여야 한다. | H57: RFP | I57: 제논 | J57: 유지관리 범위(인프라/응용프로그램/데이터)와 SLA 항목 및 지표를 정의 | Q57: 완료 | R57: 수용 | S57: 수용 | T57: 46246
E58: PSR-002-09-03 | G58: 유지관리 업무 처리 절차(접수→분류→처리→검증→완료)를 수립하고, 장애 등급별 대응 기준 및 에스컬레이션 체계를 정의하여야 한다. | H58: RFP | I58: 제논 | J58: 접수→분류→처리→검증→완료 절차와 장애등급별 에스컬레이션 체계 수립 | Q58: 완료 | R58: 수용 | S58: 수용 | T58: 46246
E59: PSR-002-09-04 | G59: 유지관리 대상은 본 사업을 통해 구축된 생성형 AI 플랫폼 전체(응용 소프트웨어, 에이전트, 관리자 콘솔, RAG 파이프라인, 벡터 DB, 연계 인터페이스 등)를 포함하여야 한다. | H59: RFP | I59: 제논 | J59: 플랫폼·Agent·관리콘솔·RAG·벡터DB·연계 I/F 전체를 유지관리 대상으로 지정 | Q59: 완료 | R59: 수용 | S59: 수용 | T59: 46246
A60: 프로젝트 지원 요구사항 | B60: PSR-003 | C60: STT 엔진 연동 수행 체계 | D60: 기존 콜센터 STT/솔루션 도입업체의 하도급 참여 구조 및 인터페이스 구축 역할 정의 (※ 본 위원회 콜센터에는 실시간 STT 엔진, 화자 분리 엔진, 통화 의도(Intent) 분석 및 상담기록 자동등록 기능이 GPU 서버 기반으로 구축·운영되고 있다. 본 사업의 콜센터 상담 어시스턴트는 기존 시스템을 고도화하는 것으로, 기존 도입업체의 기술 참여가 전제된다.) | E60: PSR-003-01-01 | F60: [기술 참여 구조 정의] | G60: 기존 콜센터에 도입된 STT 엔진 및 관련 솔루션의 도입업체가 본 사업에 참여하여 기술 연동을 수행하는 체계를 정의하여야 한다. | H60: RFP | I60: 제논 | J60: 기존 콜센터에 도입된 STT 엔진 및 관련 솔루션의 도입업체가 본 사업에 참여하여 기술 연동을 수행하는 체계를 정의 | L60: · STT 연동 인터페이스 설계서 | Q60: 완료 | R60: 수용 | S60: 수용 | T60: 46246
E61: PSR-003-01-02 | G61: 기술 참여 범위를 명확히 정의하여야 한다 · STT 엔진 설치·설정 및 온프레미스 환경 최적화 · AI 플랫폼과의 실시간 스트리밍 연동 인터페이스 구축 · 화자 분리(Speaker Diarization) 엔진 설치·연동 · 위원회 도메인 용어 파인튜닝 지원 | H61: RFP | I61: ECS | J61: STT 설치·온프레미스 최적화·실시간 스트리밍·화자분리·도메인 용어 튜닝의 참여 범위 정의 | Q61: 완료 | R61: 수용 | S61: 수용 | T61: 46246
E62: PSR-003-02-01 | F62: [인터페이스 구축 역할 분담] | G62: 원사업자(AI 플랫폼 구축)와 기존 도입업체(STT/솔루션) 간 인터페이스 구축 역할을 명확히 분담하여야 한다 · 원사업자 책임: AI 플랫폼 측 수신 모듈 개발, 데이터 처리 파이프라인 구축, Agent 서비스 통합 · 기존 도입업체 책임: STT 엔진 측 송신 모듈 개발, 스트리밍 API 제공, 화자 분리 결과 전달 규격 구현 | H62: RFP | I62: 제논 ECS | J62: 원사업자는 수신·파이프라인·Agent 통합, 기존업체는 STT 송신·API·화자분리 규격 구현으로 역할 분담 | Q62: 완료 | R62: 수용 | S62: 수용 | T62: 46246
E63: PSR-003-02-02 | G63: 인터페이스 규격에 따른 구현 및 통합 테스트 절차를 정의하여야 한다. | H63: RFP | I63: 제논 ECS | J63: 인터페이스 규격에 따른 구현 및 통합 테스트 절차를 정의 | Q63: 완료 | R63: 수용 | S63: 수용 | T63: 46246
E64: PSR-003-03-01 | F64: [기술 지원 및 협업 체계] | G64: 기존 도입업체의 기술 지원 범위(설치, 연동 테스트, 파인튜닝, 장애 대응)를 정의하여야 한다. | H64: RFP | I64: 제논 ECS | J64: 기존 도입업체의 기술 지원 범위(설치, 연동 테스트, 파인튜닝, 장애 대응)를 정의 | Q64: 완료 | R64: 수용 | S64: 수용 | T64: 46246
E65: PSR-003-03-02 | G65: 사업 기간 중 기술 협의 채널(정기 회의, 이슈 트래킹) 운영 방안을 제시하여야 한다. | H65: RFP | I65: 제논 | J65: 사업 기간 중 기술 협의 채널(정기 회의, 이슈 트래킹) 운영 방안 제시 | Q65: 완료 | R65: 수용 | S65: 수용 | T65: 46246
E66: PSR-003-03-03 | G66: 하자보수 기간 중 STT 엔진 관련 장애 대응 책임 및 절차를 정의하여야 한다. | H66: RFP | I66: 제논 ECS | J66: 하자보수 기간 중 STT 엔진 관련 장애 대응 책임 및 절차를 정의 | Q66: 완료 | R66: 수용 | S66: 수용 | T66: 46246
E67: PSR-003-04-01 | F67: [검수 기준] | G67: STT 엔진 연동 완료 검수 기준(정상 연동 확인, 성능 기준 충족, 인터페이스 규격 준수)을 정의하여야 한다. | H67: RFP | I67: 제논 ECS | J67: STT 엔진 연동 완료 검수 기준(정상 연동 확인, 성능 기준 충족, 인터페이스 규격 준수)을 정의 | Q67: 완료 | R67: 수용 | S67: 수용 | T67: 46246
E68: PSR-003-04-02 | G68: 원사업자-기존 도입업체 공동 통합 테스트 수행 및 결과 보고 절차를 정의하여야 한다. | H68: RFP | I68: 제논 | J68: 원사업자-기존 도입업체 공동 통합 테스트 수행 및 결과 보고 절차를 정의 | Q68: 완료 | R68: 수용 | S68: 수용 | T68: 46246
A69: 프로젝트 지원 요구사항 | B69: PSR-004 | C69: AI 모델 및 파이프라인 운영 관리 | D69: 생성형 AI 특화 구성요소 및 ML 예측 모델의 지속적 운영 관리 체계 정의 | E69: PSR-004-01-01 | F69: [LLM 모델 운영 관리] | G69: 언어모델의 성능 모니터링, 모델 교체·롤백 절차를 운영 매뉴얼에 따라 수행하여야 한다. | H69: RFP | I69: 제논 | J69: 언어모델의 성능 모니터링, 모델 교체·롤백 절차를 운영 매뉴얼에 따라 수행 | L69: · 운영 현황 보고서(월간) · 모델 성능 평가 보고서(분기) | Q69: 완료 | R69: 수용 | S69: 수용 | T69: 46246
E70: PSR-004-01-02 | G70: 모델 업데이트 또는 교체 시 위원회의 사전 승인을 득하여야 한다. | H70: RFP | I70: 제논 | J70: 모델 업데이트·교체 전 위원회 사전승인 획득 | Q70: 완료 | R70: 수용 | S70: 수용 | T70: 46246
E71: PSR-004-02-01 | F71: [RAG 파이프라인 운영 관리] | G71: 지식베이스 갱신(문서 추가·변경·삭제), 임베딩 모델 재학습, 벡터 인 덱스 최적화 등의 정기적 운영 활동을 수행하여야 한다. | H71: RFP | I71: 제논 | J71: 지식베이스 갱신(문서 추가·변경·삭제), 임베딩 모델 재학습, 벡터 인 덱스 최적화 등의 정기적 운영 활동을 수행 | Q71: 완료 | R71: 수용 | S71: 수용 | T71: 46246
E72: PSR-004-02-02 | G72: 응답 품질 저하 발생 시 원인 분석 및 개선 조치를 수행하여야 한다. | H72: RFP | I72: 제논 | J72: 응답 품질 저하 발생 시 원인 분석 및 개선 조치를 수행 | Q72: 완료 | R72: 수용 | S72: 수용 | T72: 46246
E73: PSR-004-03-01 | F73: [ML 예측 모델 운영 관리] | G73: 수행사는 차기 변제금 납입 가능성 예측 모델의 배치 예측 파이프 라인을 정기적으로 운영하고, 실패 발생 시 원인 분석 및 재처리를 상세 지원하여야 한다. | H73: RFP | I73: 제논 | J73: 차기 변제금 납입 가능성 예측 모델의 배치 예측 파이프라인을 정기적으로 운영하고, 실패 발생 시 원인 분석 및 재처리를 지원 | Q73: 완료 | R73: 수용 | S73: 수용 | T73: 46246
E74: PSR-004-03-02 | G74: 마트 데이터 갱신 주기에 따른 데이터 적재 운영을 지원하고, 적재 이상 발생 시 즉시 대응하여야 한다. | H74: RFP | I74: 제논 | J74: 마트 데이터 갱신 주기에 따른 데이터 적재 운영을 지원하고, 적재 이상 발생 시 즉시 대응 | Q74: 완료 | R74: 수용 | S74: 수용 | T74: 46246
E75: PSR-004-03-03 | G75: 분기 1회 이상 모델 성능 지표를 산출하고, 재학습 필요 여부를 검토하여 위원회에 보고하여야 한다. | H75: RFP | I75: 제논 | J75: 분기 1회 이상 모델 성능 지표를 산출하고, 재학습 필요 여부를 검토하여 위원회에 보고 | Q75: 완료 | R75: 수용 | S75: 수용 | T75: 46246
E76: PSR-004-03-04 | G76: 재학습 수행 시 위원회의 사전 승인을 득하여야 하며, 이전 모델 버전으로의 롤백 절차를 포함한 운영 매뉴얼을 제공하여야 한다. | H76: RFP | I76: 제논 | J76: 재학습 전 위원회 승인, 이전 모델 롤백 절차를 운영매뉴얼에 반영 | Q76: 완료 | R76: 수용 | S76: 수용 | T76: 46246
E77: PSR-004-04-01 | F77: [전문 운영 인프라 관리] | G77: 사업자는 다음 전문 운영 영역에 대한 운영 및 기술지원을 포함하여야 한다: · GPU 서버 운영 및 자원관리 · 컨테이너 기반 플랫폼(Kubernetes 등) 운영 · AI 모델 배포 및 운영(MLOps) · LLM 모델 적용 및 성능 개선(튜닝 포함) | H77: RFP | I77: 제논 | J77: GPU·Kubernetes·MLOps·LLM 모델 운영 및 성능개선 전문 기술지원 제공 | Q77: 완료 | R77: 수용 | S77: 수용 | T77: 46246
E78: PSR-004-04-02 | G78: 각 영역에 대해 모니터링, 장애 대응, 성능 최적화 기능을 포함하여야 한다. | H78: RFP | I78: 제논 | J78: 각 영역에 대해 모니터링, 장애 대응, 성능 최적화 기능을 포함 | Q78: 완료 | R78: 수용 | S78: 수용 | T78: 46246
E79: PSR-004-04-03 | G79: 특정 기술 또는 특정 인력에 종속되지 않는 운영체계를 제공하여야 한다. | H79: RFP | I79: 제논 | J79: 특정 기술 또는 특정 인력에 종속되지 않는 운영체계 구성 | Q79: 완료 | R79: 수용 | S79: 수용 | T79: 46246
E80: PSR-004-04-04 | G80: 운영 자동화 및 관리도구를 활용하여 운영 난이도를 최소화하여야 한다. | H80: RFP | I80: 제논 | J80: 운영 자동화 및 관리도구를 활용하여 운영 난이도를 최소화 | Q80: 완료 | R80: 수용 | S80: 수용 | T80: 46246

Sheet 컨설팅
A1: 요구사항정의서-비기능
A2: 사업명 | D2: 신용회복위원회 통합 AI 플랫폼 구축 사업 | H2: 업무 구분 | K2: 컨설팅 요구사항 | P2: 작성자 | S2: 김현근
A3: 단계 | D3: 요구분석, 설계, 구현, 테스트, 전개 | H3: 작성일자 | K3: 2026.08.24 | P3: 버전 | S3: v.0.999
A5: 요구사항 분류 | B5: 요구사항 고유번호 | C5: 요구사항 명 | D5: 정의 | E5: 상세요구사항ID | F5: 상세요구사항명 | G5: 상세요구사항 설명 | H5: 요구사항 출처 | I5: 담당 수행사 | J5: 제약사항 및 처리(수행)방안 | K5: 위원회 검토 의견(26.8.12.) | L5: 산출정보(RFP 기준) | M5: 산출물(방법론 테일러링 결과서) | N5: 요구사항 상태 | O5: 중요도 | P5: 담당자 | Q5: 완료여부 | R5: 수행사 수용 여부 | S5: 위원회 수용 여부 | T5: 비고(변경처리내역 등)
A6: 컨설팅 요구사항 | B6: CNR-001 | C6: AI 기술 적용 로드맵 수립 및 과제 발굴 | D6: 위원회 업무 환경 분석, AI 도입 전략·로드맵 수립, 과제 발굴 및 변화관리 방안 정의 | E6: CNR-001-01-01 | F6: [현황 분석] | G6: 사업자는 위원회의 현행 업무 프로세스, 정보시스템 현황, 데이터 환경을 분석하고, 생성형 AI 적용 대상 업무를 구체화하여야 한다. | H6: RFP | I6: PwC | J6: - 외부 환경분석: AI기본법, 신용정보법, 금융분야 AI 가이드라인 등 법·제도, 기술 동향, 운영환경 분석 -내부 현황분석: 상담/접수 → 심사 → 채무조정 → 사후관리 4대 업무 Flow 기반으로 ① 업무 프로세스 ② 데이터 ③ 시스템·인프라 ④ AI 거버넌스 4개 영역 검토 -담당자 인터뷰: 경영진/부서장/실무자 3계층 구분 인터뷰로 Pain Point 도출 -벤치마킹: 동종(캠코, 서민금융진흥원) / 선도(국민건강보험공단, 한국장학재단, 신한은행 등 ) 기관 분석 -산출물: 현황분석 보고서 | L6: · 현황분석서 (As-Is 업무·시스템·데이터 환경 분석) · AI 도입 전략 및 단계별 로드맵 (전사 확산·예측모델 확장 포함) · 변화관리 계획서 (사용자 그룹별 채택 촉진 방안 포함) · AI 운영관리규정(안) (내규 수준) · AI 윤리·보안 가이드라인(안) · AI 위험관리 절차서(안) | Q6: 완료 | R6: 수용 | S6: 수용 | T6: 46246
E7: CNR-001-01-02 | G7: 콜센터, 현장 상담, 본사 업무 등 사용자 그룹별 업무 특성 및 AI 활용 시나리오를 도출하여야 한다. | H7: RFP | I7: PwC | J7: - 사용자 그룹 정의: 콜센터 / 현장상담 / 본사업무 / 관리자 4개 그룹별 업무 특성 분석 - 그룹별 시나리오 작성: ㄴ 콜센터: AI상담봇·STT 기반 실시간 상담 지원 ㄴ 현장상담: 최적 채무조정제도 추천, 상담 스크립트 자동생성 ㄴ 본사업무: RAG 기반 법령·규정 검색, 문서 요약·작성 지원 ㄴ 관리자: 대시보드 기반 의사결정 지원 - 산출물: 사용자 그룹별 AI Use-Case 시나리오 정의서 | Q7: 완료 | R7: 수용 | S7: 수용 | T7: 46246
E8: CNR-001-02-01 | F8: [단계별 도입 로드맵 수립] | G8: 분석 결과를 바탕으로 생성형 AI 플랫폼의 단계별 도입 전략 (To-Be) 및 우선순위를 제시하여야 한다. | H8: RFP | I8: PwC | J8: - 개선기회 도출: 취약점 → 시사점 → 개선기회 → To-Be 방향성 4단계 정의 - 과제 우선순위 평가: Scoring Matrix 적용 ㄴ 비즈니스 효과성(경쟁우위,위험성, 투자효과) × 실행 용이성(기술/자원/연계) - 단계 구분: ① Pilot ② 단기(Quick-Win) ③ 중장기 과제로 구분 - 산출물: To-Be 과제 정의서, 우선순위 평가표, 단계별 도입 로드맵 | Q8: 완료 | R8: 수용 | S8: 수용 | T8: 46246
E9: CNR-001-02-02 | G9: 기대효과 및 성과지표(KPI) 도출 방안을 포함하여야 한다. | H9: RFP | I9: PwC | J9: - 기대효과 정의: 정량(처리시간 단축률, 자동화율, 상담응대율) + 정성(서비스 품질, 직원 만족도) - KPI 설정: 과제별 Baseline 측정 → 목표치 설정 → 측정주기 정의 - 산출물: 과제별 KPI 정의서 (지표·산식·Baseline·목표·측정방법) | Q9: 완료 | R9: 수용 | S9: 수용 | T9: 46246
E10: CNR-001-02-03 | G10: 시범운영 결과를 기반으로 전사 확산 로드맵 및 추가 서비스 발굴 방안을 제시하여야 한다. | H10: RFP | I10: PwC | J10: - Pilot 결과 분석: 성능지표·사용자 만족도·운영 안정성 종합 평가 - 확산 로드맵: '26 Q3 Pilot → '27 단기 → '27 이후 중장기 단계적 확산 - 추가 서비스 발굴: Design Thinking 워크샵, AI Challenge 경진대회를 통한 현업 주도 Use-Case 지속 발굴 - 산출물: 전사 확산 로드맵, 신규 서비스 후보 Pool | Q10: 완료 | R10: 수용 | S10: 수용 | T10: 46246
E11: CNR-001-02-04 | G11: 예측 모델 기반 확장 방안(Macro 트랙 확장, 위험등급별 대응 전략 고도화 등)을 2차 사업 확산 로드맵으로 제시하여야 한다. | H11: RFP | I11: PwC | J11: - 3대 예측 모델 고도화 방향: ㄴ SFR-024 차기 변제금 납입 가능성 예측 → 위험등급별 선제 대응 ㄴ SFR-025 최적 채무조정제도 진단 추천 → 신규 진입자 매칭 정확도 향상 ㄴ SFR-026 소액대출 이용자 연체 예측 → 고위험군 사전관리 - Macro 트랙 확장 방안: 개별 이용자 → 포트폴리오 단위 위험 예측, 거시경제지표 연계 모델 확장 - 위험등급별 대응 전략 고도화: 등급별 차별화 상담·관리 프로세스 정립 - 산출물: 2차 사업 확산 로드맵, 예측 모델 확장 청사진 | Q11: 완료 | R11: 수용 | S11: 수용 | T11: 46246
E12: CNR-001-02-05 | G12: 구체적인 확산 일정 및 범위는 위원회와 협의하여 확정한다. | H12: RFP | I12: PwC | J12: - 위원회 협의체 운영: 정기 Steering Committee 및 실무 Working Group 구성 - 반복 검토 체계: 일정·범위·예산 변경요인 발생 시 즉시 협의·반영 - 산출물: 확산 추진 일정표(위원회 승인본), 범위 정의서 | Q12: 완료 | R12: 수용 | S12: 수용 | T12: 46246
E13: CNR-001-03-01 | F13: [신규 과제 발굴 및 타당성 검증] | G13: AI 모델 도입 및 서비스 구현을 위한 신규 과제(PoC)를 발굴하고, 타당성 검증을 위한 실증 방안을 제시하여야 한다. | H13: RFP | I13: PwC | J13: - PoC 후보 발굴: 과제 우선순위 평가 결과 기반 Pilot 후보 선정 - 타당성 검증 프레임: ㄴ 기술 타당성 (모델 정확도, 인프라 적합성) ㄴ 업무 타당성 (현업 수용성, 프로세스 적합성) ㄴ 경제 타당성 (ROI, TCO) - 실증 절차: 데이터 확보 → 모델 개발(MLOps) → 성능평가(AR/F1/SHAP) → 현업 검증 → 확산 결정흐름의 방안 검토 - 산출물: 신규과제(PoC) 과제 정의서, 실증 계획서 | Q13: 완료 | R13: 수용 | S13: 수용 | T13: 46246
E14: CNR-001-04-01 | F14: [변화관리 및 확산 전략] | G14: 생성형 AI 도입에 따른 업무 프로세스 변화, 사용자 저항 요인을 분 석하고, 단계별 변화관리 방안을 수립하여야 한다. | H14: RFP | I14: PwC | J14: - 3단계 변화관리 모델 적용: ㄴ Getting into AI: 심리적 저항 해소, 기초 지식 전파 (AI 리터러시 교육) ㄴ Expanding with AI: 실무 적용 역량 강화 (변화리더 Track, Design Thinking 워크샵) ㄴ Normalizing AI: 표준 업무화 및 자생적 혁신 문화 (AI Challenge, 표준 프로세스 정립) - 저항요인 분석: 직무·직급·세대별 인터뷰 및 설문 통해 진단 - 산출물: 변화관리 마스터플랜, 단계별 실행계획서 | Q14: 완료 | R14: 수용 | S14: 수용 | T14: 46246
E15: CNR-001-04-02 | G15: 사용자 그룹별 맞춤형 채택 촉진 방안(교육, 홍보, 인센티브 등)을 제시하여야 한다. | H15: RFP | I15: PwC | J15: PwC으 타사 레퍼런스 모델 기반으로 Customization - 교육: 콜센터/현장상담/본사/관리자 그룹별 + 직급별(임원/일반/실무) 차별화 커리큘럼 - 홍보: 카드뉴스, 웹툰, 뉴스레터 등 가시성 높은 정기 홍보물 발간 - 인센티브: AI Challenge 경진대회, 우수사례 포상, 변화리더 인증제 - 산출물: 그룹별 채택 촉진 실행계획서, 교육 커리큘럼 | Q15: 완료 | R15: 수용 | S15: 수용 | T15: 46246
E16: CNR-001-05-01 | F16: [기타] | G16: 「인공지능 발전과 신뢰 기반 조성 등에 관한 기본법」 및 동법 시행령의 주요 의무사항(투명성, 고영향 AI판단 기준 등)을 반영한 내부 관리 체계를 수립하여야 한다. | H16: RFP | I16: PwC | J16: - 법적 요구사항 진단: ㄴ 고영향 AI 판단 기준 로직트리화 (활용영역·권익영향) ㄴ 투명성 의무(생성형 AI) 적용 대상·표시 기준 정의 ㄴ 안전성 확보 의무 — 위험관리·모니터링 체계 수립 - AI TRiSM 프레임워크 적용: Trust(신뢰성)·Risk(위험)·Security(보안) 통합관리 - AI Readiness Assessment: 진단 체크리스트 기반 As-Is 진단 → Gap → 개선과제 도출 - 산출물: AI Readiness 진단 보고서, 고영향 AI 판단 가이드, 위험관리 체계도 | Q16: 완료 | R16: 수용 | S16: 수용 | T16: 46246
E17: CNR-001-05-02 | G17: 사업자는 위원회가 AI거버넌스를 자율적으로 운영할 수 있도록 제규정 (안)을 산출물로 제출하여야 한다. | H17: RFP | I17: PwC | J17: 위원회와 업무범위 및 산출물 수준에 대한 협의 : PwC Asset 기반 표준 내부 규정 안 제시 -> 내부규정안에 맞게 Customization은 신복위 자체 프로세스를 통해 진행 3계층 규정 체계 설계: ㄴ AI 정책 (총괄 준법 기준): AI 윤리원칙, 거버넌스 운영규정 ㄴ AI 위험관리 내규: 위험 식별·평가·처리 절차, 등급 분류 기준 ㄴ 실무 매뉴얼: 기획/개발/운영 단계별 체크리스트, 서비스 위험평가서, 모니터링 계획서 - 운영 체계 정립: AI 심의기구, AI 거버넌스 전담조직 R&R 정의 - 자율운영 지원: 위원회 자체 점검·운영 가능한 Toolkit 및 교육자료 동시 제공 - 산출물: AI 운영관리규정(案), 윤리·보안 가이드라인(案), 위험관리 절차서(案), 실무 체크리스트 Set | Q17: 완료 | R17: 수용 | S17: 수용 | T17: 46246
A18: 컨설팅 요구사항 | B18: CNR-002 | C18: 목표시스템 아키텍처 설계 및 요건 정의 | D18: 업무·데이터·응용·인프라·보안 관점의 목표시스템 아키텍처 설계 및 세부 요건 정의 | E18: CNR-002-01-01 | F18: [목표시스템 아키텍처 설계] | G18: 사업자는 업무, 데이터, 응용, 인프라, 보안 관점별 최적의 아키텍처 (표준 방안)를 선정하고 검증하여야 한다. | H18: RFP | I18: 제논 | J18: 업무·데이터·응용·인프라·보안 관점의 목표 아키텍처 대안 비교·검증 | L18: · 데이터 품질 핵심지표(CTQ) 정의서 · 상세 요건 정의서 | Q18: 완료 | R18: 수용 | S18: 수용 | T18: 46246
E19: CNR-002-01-02 | G19: To-Be 시스템 전체 구성도(논리서버, DB, 네트워크 포함)를 도식화 하고 세부 요건을 정의하여야 한다. | H19: RFP | I19: 제논 | J19: 논리서버·DB·네트워크를 포함한 To-Be 전체 구성도와 세부 요건 정의 | Q19: 완료 | R19: 수용 | S19: 수용 | T19: 46246
E20: CNR-002-01-03 | G20: 데이터 관점에서 지식 자산(규정·지침·매뉴얼 등)의 수집·분류·갱신·폐기에 관한 거버넌스 체계를 설계하고, 데이터 소유자·관리자·사용자 간 역할과 책임을 정의하여야 한다. | H20: RFP | I20: 제논 | J20: 지식자산 수집·분류·갱신·폐기 절차와 소유자·관리자·사용자 R&R 설계 | Q20: 완료 | R20: 수용 | S20: 수용 | T20: 46246
E21: CNR-002-01-04 | G21: 지식베이스에 등록되는 데이터의 품질 기준(정확성, 최신성, 완전성)과 검증 절차를 수립하고, 품질 측정 지표 및 모니터링 방안을 제시하여야 한다. | H21: RFP | I21: 제논 | J21: 지식베이스 정확성·최신성·완전성 기준, 검증절차·측정지표·모니터링 방안 수립 | Q21: 완료 | R21: 수용 | S21: 수용 | T21: 46246
E22: CNR-002-02-01 | F22: [요건 정의 및 검증] | G22: 제안요청서의 요구사항을 기반으로 상세 요건을 명세화하고, 위원회와 협의를 통해 확정하여야 한다. | H22: RFP | I22: 제논 | J22: RFP 요구를 상세 요건으로 분해하고 인터뷰·워크숍·검토회의로 협의·확정 | Q22: 완료 | R22: 수용 | S22: 수용 | T22: 46246
E23: CNR-002-02-02 | G23: 설계된 아키텍처의 기술적 타당성, 확장성, 보안성을 검증하여야 한다. | H23: RFP | I23: 제논 | J23: 목표 아키텍처의 기술 타당성·확장성·보안성 검토 및 검증결과 문서화 | Q23: 완료 | R23: 수용 | S23: 수용 | T23: 46246
